0,0.2170242,0.1264982
1,0.0002768167,0.08559651
2,0.0002768167,0.07057697
3,0,0.1202777
4,0,0.1662354
5,0,0.2516879
6,0.04210689,0.2814942
7,0.04210689,0.2871346
8,0.5605537,0.2437293
9,0.585744,0.1613322
10,0,0.1014716
11,0,0.07103913
12,0,0.0838519
13,0.01230296,0.1372427
14,0.007873896,0.1534293
15,0.03555556,0.166754
16,0.03555556,0.1481169
17,0,0.1471294
18,0.09304114,0.1546228
19,0.09304114,0.1618156
20,0.09304114,0.1640862
21,0,0.1506395
22,0,0.1312695
23,0.2436294,0.1397812
24,0.2436294,0.08124091
25,0.2717724,0.04532491
26,0,0.05521582
27,0,0.05408447
28,0.02586697,0.08781077
29,0.02586697,0.08179853
30,0,0.08745467
31,0,0.08236244
32,0,0.08673772
33,0,0.09876062
34,0,0.1103718
35,0,0.1545247
36,0,0.144962
37,0,0.1732426
38,0,0.1804451
39,0,0.2022495
40,0.001107267,0.2234913
41,0.001107267,0.2280206
42,0.001107267,0.2540182
43,0,0.2672308
44,0,0.3136501
45,0.12995,0.3174606
46,0.12995,0.3645709
47,0.12995,0.4116529
48,0,0.4326908
49,0,0.4473689
50,0,0.4138333
51,0,0.4384257
52,0,0.4178638
53,0.0001230296,0.3947758
54,0.0001230296,0.360653
55,0.0001230296,0.3737196
56,0,0.3932687
57,0,0.3940976
58,0.1034679,0.3832604
59,0.1034679,0.391895
60,0.007873896,0.3996743
61,0.01356401,0.4190684
62,0,0.4869409
63,0,0.493562
64,0.04678201,0.5857546
65,0.04678201,0.5793307
66,0.04678201,0.6246777
67,0,0.6741211
68,0,0.6350016
69,0,0.5945742
70,0.006028451,0.5851872
71,0.00249135,0.5574724
72,0.006028451,0.530849
73,2.209121,0.4751514
74,2.176272,0.4363008
75,0,0.3318337
76,0,0.3357693
77,0,0.2940866
78,0,0.3038668
79,0,0.2319838
80,0,0.1869349
81,0,0.2168642
82,0,0.2414979
83,0.0007689351,0.2360931
84,0.0007689351,0.2269625
85,0.0007689351,0.2192372
86,0.02242215,0.2368608
87,0.02242215,0.2440559
88,0.06228374,0.2378909
89,0.06228374,0.2184402
90,0.06228374,0.1897366
91,0,0.1674189
92,0,0.1610274
93,0,0.1181489
94,0,0.1082103
95,0,0.09725756
96,0,0.09068961
97,0.511834,0.08930954
98,0.511834,0.1260134
99,0,0.101357
100,0,0.07957006
101,0.1034679,0.04565257
102,0.1034679,0.04407473
103,0,0.03425308
104,0,0.03468082
105,0,0.04064267
106,0.001507113,0.03644028
107,0.001507113,0.06194351
108,0.1422222,0.04326141
109,0.1422222,0.06372616
110,0,0.05477897
111,0,0.05186033
112,0,0.091525
113,0,0.1140399
114,0,0.1742716
115,0.511834,0.1802531
116,0.511834,0.2914541
117,0.511834,0.339893
118,0,0.4972969
119,0,0.570465
120,0,0.7492998
121,0,0.7209595
122,0,0.8867416
123,0,0.9680201
124,0,1.244317
125,0,1.262127
126,0,1.415486
127,0,1.579992
128,0,1.710415
129,0,1.77988
130,0,1.766138
131,0,1.973507
132,0,2.009469
133,0,2.13407
134,0,2.197538
135,0,2.289164
136,0.006028451,2.396279
137,0.020792,2.415472
138,0.1550481,2.382627
139,0.0004921185,2.48548
140,0.007873896,2.516707
141,0.01230296,2.562509
142,13.23604,2.547849
143,14.47435,2.543452
144,1.502222,2.523482
145,1.305221,2.519646
146,36.54288,2.505592
147,115.0436,2.497328
148,113.0301,2.481272
149,9.27032,2.442445
150,9.439947,2.412792
151,0,2.355765
152,0,2.381217
153,0,2.351417
154,0.888889,2.281763
155,0.5605537,2.206166
156,0.4883045,2.091572
157,0.1776548,2.010365
158,0,1.961166
159,0,1.95308
160,0,1.782491
161,0.0001230296,1.65197
162,0,1.549389
163,0,1.534038
164,0,1.525058
165,0,1.478798
166,0.001107267,1.393321
167,0.007873896,1.334032
168,0,1.368078
169,0,1.366487
170,4.67821,1.359522
171,5.145142,1.316785
172,5.503405,1.264218
173,0,1.210853
174,0,1.172011
175,0,1.185561
176,0,1.118383
177,1.641246,1.138525
178,1.317924,1.095098
179,0.5772857,1.009845
180,0.5772857,0.9779492
181,0.5039293,1.026998
182,0,1.023414
183,0,0.9979207
184,0,0.9365373
185,0,0.9260367
186,0,0.921904
187,3.090781,0.9053608
188,2.823807,0.8997548
189,4.302225,0.950523
190,0.13807,0.9429739
191,0.13807,0.9309872
192,0.3326721,0.952399
193,0,0.9761902
194,0,0.9706388
195,4.279251,0.9338845
196,4.279251,0.9155753
197,3.248752,0.8196803
198,0.847551,0.80243
199,0.847551,0.7262449
200,0.6377856,0.6638861
201,0.08316801,0.6197045
202,0.1594464,0.5527155
203,0.2775856,0.5064881
204,0,0.4880522
205,0,0.4565482
206,0,0.4347282
207,3.682155,0.405904
208,3.682155,0.3986793
209,4.798927,0.3718132
210,3.660902,0.3633826
211,3.660902,0.3496943
212,0,0.3215305
213,0,0.2967954
214,0,0.2844183
215,13.39795,0.2624989
216,13.39795,0.2441967
217,10.56199,0.1883786
218,6.881333,0.1880524
219,6.881333,0.1982547
220,6.881333,0.1782838
221,0,0.1717287
222,0,0.1856799
223,0,0.1936372
224,2.111311,0.1831211
225,2.498271,0.1838809
226,3.013275,0.184376
227,20.48005,0.1790328
228,20.48005,0.1718576
229,0.3521415,0.1698876
230,0.3521415,0.1421905
231,0.3521415,0.1288694
232,0,0.1224335
233,0,0.09506734
234,0,0.09041499
235,7.875015,0.05968719
236,7.875015,0.05317945
237,7.875015,0.07361315
238,8.445272,0.06500567
239,8.445272,0.07358836
240,8.445272,0.08776467
241,0,0.084355
242,0,0.08177204
243,0,0.05357298
244,3.986161,0.03247558
245,3.986161,0.02802469
246,16.7065,0.02333064
247,16.7065,0.0189166
248,16.7065,0.03180096
249,0,0.03880856
250,0,0.06648062
251,0,0.06652559
252,0,0.06517221
253,0,0.06244034
254,0,0.08075213
255,2.445953,0.1051158
256,2.97489,0.1861014
257,0,0.2251966
258,0,0.3683996
259,0,0.484352
260,0,0.7004862
261,0.08316801,0.8565636
262,0.2381853,1.407402
263,0,1.51444
264,0,2.111792
265,0.72,2.19433
266,0.710619,2.500595
267,0,2.684703
268,0,2.668847
269,0.1259823,2.916346
270,0.04678201,2.918267
271,0,3.158639
272,0,3.144331
273,0,3.296428
274,0,3.369366
275,0,3.4605
276,0,3.46022
277,0,3.535334
278,0,3.441665
279,0,3.486647
280,0.0002768167,3.430254
281,0.006920415,3.421836
282,0.04210689,3.385482
283,0.13807,3.329688
284,0,3.219266
285,0,3.136488
286,7.906186,3.003735
287,7.781924,2.924138
288,0,2.842885
289,40.74745,2.788663
290,76.58854,2.696287
291,45.62937,2.634778
292,46.76017,2.573154
293,2.095225,2.457535
294,0.985498,2.322679
295,0.2660208,2.296876
296,0.12995,2.237343
297,0.02768166,2.237761
298,0.02768166,2.087887
299,0.05954633,2.061819
300,0.001968474,1.971892
301,0,1.889794
302,0,1.768733
303,0.3521415,1.661788
304,0.3455902,1.539174
305,0.3654287,1.52316
306,0.3654287,1.383787
307,0.3521415,1.339722
308,0,1.209378
309,0,1.134659
310,0.00249135,1.162784
311,0.001968474,1.052394
312,0,1.005493
313,0,0.952337
314,0,0.9825311
315,0.03149558,0.858071
316,0.04441369,0.8168563
317,0.01110342,0.7181072
318,0.007873896,0.5595885
319,0,0.4612084
320,0,0.4043412
321,0,0.3541728
322,0.03149558,0.3878278
323,0.03149558,0.410962
324,0.03149558,0.3842711
325,0,0.386522
326,5.195584,0.4310109
327,5.195584,0.4491975
328,5.195584,0.4520285
329,0,0.441249
330,0,0.4708412
331,0,0.4730763
332,0,0.4878629
333,0,0.4813723
334,0,0.4639945
335,0,0.400849
336,0,0.4128467
337,3.07574E-05,0.3909532
338,3.07574E-05,0.3728728
339,3.07574E-05,0.3367969
340,0.3137563,0.3120865
341,0.3391004,0.2629754
342,0.3391004,0.2681356
343,0,0.2094909
344,0,0.1650688
345,0,0.08852751
346,0,0.09444554
347,0,0.06192855
348,0,0.03573538
349,0,0.05677443
350,0,0.09901623
351,0,0.1399693
352,0,0.2325113
353,0,0.3762362
354,0,0.442152
355,1.584898,0.5106051
356,1.448335,0.5108192
357,0,0.5130023
358,0,0.5220858
359,0,0.5858823
360,0,0.7494205
361,0,0.7895066
362,0.01771626,0.8676748
363,0.01627067,0.8765519
364,0.01627067,0.9109558
365,0,0.8816229
366,0,0.9353619
367,0.6466744,0.9371462
368,0.01488658,0.9140235
369,0.02768166,0.8762091
370,0.02768166,0.7855883
371,0,0.7324356
372,0,0.7492955
373,0,0.842834
374,0.0398616,0.9419017
375,0.02586697,0.9211775
376,0.05687044,0.8904853
377,0,0.9033951
378,0,0.894511
379,0.01110342,0.7459254
380,0.006028451,0.7203462
381,0.005198001,0.5997214
382,0,0.4623112
383,0,0.464897
384,0.3721645,0.4617547
385,0.3721645,0.4298124
386,0.3721645,0.3487594
387,0.2717724,0.3357547
388,0.2717724,0.3144827
389,0.2717724,0.2581005
390,0,0.2121931
391,0,0.1817335
392,0.07384852,0.1924682
393,0.07384852,0.1693543
394,0.72,0.2016868
395,0.72,0.1504013
396,0,0.1305053
397,0,0.1425892
398,4.750455,0.0733441
399,4.750455,0.04111374
400,4.750455,0.051213
401,0,0.05020871
402,0,0.07392893
403,0,0.1381469
404,0.0007689351,0.1637474
405,0.00249135,0.2873725
406,0.00249135,0.3617223
407,0.00249135,0.4051225
408,0,0.5622594
409,0,0.6914715
410,0.006028451,0.7599354
411,0.003721646,0.8484636
412,0.003721646,0.8120383
413,0,0.8333902
414,0,0.8450577
415,0,0.8423338
416,0,0.8349996
417,0,0.8277155
418,0.006920415,0.8258106
419,0.005198001,0.7869478
420,0,0.7786291
421,0,0.7707025
422,0.03349482,0.7655147
423,0.01488658,0.6878101
424,0,0.6772047
425,0,0.5981008
426,0,0.5822698
427,0.3326721,0.5216138
428,0.3326721,0.4912404
429,0.4210381,0.4846142
430,0,0.4380517
431,0,0.4313945
432,0.06228374,0.3788054
433,0.06228374,0.3657497
434,0.08316801,0.383811
435,0.00249135,0.3452624
436,0.007873896,0.3383155
437,0,0.3348477
438,0,0.2958959
439,0,0.3032254
440,0,0.2700204
441,0,0.2603465
442,0,0.2542582
443,0,0.2635531
444,0,0.2536311
445,0,0.256353
446,0,0.4511055
447,0,0.2570168
448,0.0001230296,0.2691501
449,0,0.2306896
450,0,0.1978992
451,0,0.2438721
452,8.316826,0.2463652
453,8.316826,0.2266995
454,7.294724,0.1873791
455,0,0.2194437
456,0,0.1701233
457,0,0.1764517
458,0,0.1753267
459,0,0.1705827
460,3.07574E-05,0.130088
461,3.07574E-05,0.1602374
462,3.07574E-05,0.1298243
463,2.428638,0.1501266
464,2.428638,0.1368859
465,2.428638,0.1357825
466,0,0.113865
467,0,0.1028343
468,0,0.09066482
469,0.0007689351,0.08212312
470,0.0007689351,0.1295412
471,0.0004921185,0.1041408
472,0.1776548,0.0567454
473,0.1776548,0.03151354
474,0.1776548,0.01808517
475,0,0.01628714
476,0,0.0301065
477,0.2775856,0.02695335
478,0.2775856,0.02056886
479,0.2775856,0.01291659
480,0.08639754,0.01668449
481,0.08639754,0.009900813
482,0.02586697,0.02787592
483,0.02586697,0.0266041
484,0,0.04658473
485,0,0.05809196
486,0.1144483,0.05568784
487,0.1144483,0.07745414
488,0.1144483,0.08579919
489,0,0.07642739
490,0,0.06968337
491,0,0.06388942
492,0,0.05421704
493,0,0.05508145
494,0,0.08122465
495,0,0.07217946
496,0.1034679,0.04904455
497,0.1034679,0.0408687
498,42.53687,0.09676569
499,42.53687,0.06906733
500,42.53687,0.0848599
501,0,0.09155091
502,0,0.1233212
503,0,0.1554422
504,0.01771626,0.1509027
505,0.01771626,0.1676717
506,0.01771626,0.185653
507,0.01922338,0.1982717
508,0.01922338,0.1941972
509,0,0.1917115
510,0,0.1800086
511,0.003721646,0.1742496
512,0.003721646,0.1586108
513,0,0.1173194
514,0,0.1022848
515,0,0.1284986
516,0.2068128,0.109231
517,0.2068128,0.09538459
518,0.2068128,0.06892804
519,0,0.0972506
520,0,0.1076597
521,0,0.1114576
522,0.1730104,0.1120089
523,0.1730104,0.1209651
524,0.08000001,0.1046517
525,0.08000001,0.1168468
526,0.003721646,0.1124707
527,0.003721646,0.09941491
528,0.003721646,0.1271073
529,0,0.1316761
530,0,0.08782908
531,0.02768166,0.06019973
532,0.02768166,0.06723907
533,0.05425606,0.0678763
534,0,0.0555133
535,0,0.05505056
536,0,0.05224503
537,0.0517032,0.06757377
538,0.08968858,0.09009051
539,0.001507113,0.07438596
540,0.001507113,0.08271658
541,0,0.08309932
542,0,0.08548675
543,0,0.07488757
544,0,0.05520151
545,0,0.06565058
546,0,0.06007716
547,0,0.06025311
548,0,0.06840267
549,0.2660208,0.04530494
550,0.2660208,0.04095039
551,0,0.05994857
552,0,0.06716172
553,0,0.07847654
554,0,0.04543616
555,0,0.05533638
556,0,0.05606866
557,0,0.07503229
558,0,0.08424259
559,0.2717724,0.06607649
560,0.2717724,0.0686101
561,0.2717724,0.0659098
562,0,0.06675901
563,0,0.0698173
564,0,0.0602423
565,0.1730104,0.05296929
566,0.1730104,0.04810587
567,0.1730104,0.06252468
568,0,0.06626585
569,0,0.06556088
570,0,0.05383167
571,0,0.03773593
572,0,0.01914559
573,0,0.03068549
574,0,0.04095769
575,0,0.02467653
576,0.007873896,0.02347846
577,0.00888889,0.02181073
578,0,0.02359922
579,0,0.0334394
580,0,0.04722118
581,0.08000001,0.0333436
582,0.08000001,0.02436971
583,0.08000001,0.03549347
584,24.25357,0.02812395
585,24.25357,0.04036732
586,0,0.02109753
587,0,0.03840986
588,0,0.02661407
589,0.06508266,0.03309123
590,0.06508266,0.05087769
591,0,0.05711996
592,0,0.04864309
593,0,0.0357825
594,0.1594464,0.02640147
595,0.1594464,0.03145467
596,4.165298,0.02035182
597,4.165298,0.0176958
598,0,0.02261208
599,0,0.01101077
600,0,0.0290844
601,0,0.02270073
602,0,0.01682415
603,0,0.005545761
604,3.07574E-05,0.004217428
605,3.07574E-05,0.009291571
606,0,0.01853999
607,0,0.009821741
608,0,0.01321686
609,1.669789,0.01178292
610,1.669789,0.006571754
611,1.669789,0.01898848
612,0,0.01696668
613,0,0.02607488
614,0.01627067,0.02586539
615,0.01627067,0.01719745
616,0.01627067,0.009005342
617,0.06228374,0.00883485
618,0.06228374,0.01689246
619,0.06228374,0.01126866
620,0.1730104,0.01856659
621,0.1730104,0.01375623
622,0,0.0206684
623,0,0.01086327
624,6.395584,0.01941791
625,6.395584,0.02154011
626,6.395584,0.01853816
627,0,0.01496147
628,0,0.007701015
629,0,0.02586918
630,0.001507113,0.0130225
631,0.001507113,0.02704625
632,0.001507113,0.01552925
633,0,0.01180956
634,0,0.01731018
635,0,0.02568647
636,0,0.0228305
637,0,0.007394515
638,0.006920415,0.02584026
639,0.006920415,0.015579
640,0.0001230296,0.01618986
641,0.0001230296,0.01008408
642,0.0001230296,0.03204184
643,0,0.02913786
644,0,0.01250571
645,0,0.02472921
646,0.6289582,0.02293228
647,0.6289582,0.03486846
648,0,0.0300114
649,0,0.02323694
650,0,0.02937116
651,0,0.02131728
652,0,0.02882686
653,0.06228374,0.02083352
654,0.06228374,0.03417407
655,0.1034679,0.03984983
656,0.1034679,0.05276051
657,0.1034679,0.05039671
658,0,0.06408837
659,0,0.09574073
660,0,0.106296
661,0,0.1219402
662,0,0.1478784
663,0,0.2333038
664,0.3587543,0.2734411
665,0.4577931,0.3460076
666,0,0.3882534
667,0,0.5197799
668,0,0.6352361
669,0.009965399,0.8677398
670,0.01230296,0.9782259
671,0.006028451,1.084488
672,0.0398616,1.113722
673,0.01922338,1.217156
674,0,1.377899
675,0,1.511576
676,0,1.466447
677,0.1968474,1.529094
678,0.2118877,1.589232
679,0.2118877,1.753621
680,0.7775779,1.777932
681,0.7294426,1.840929
682,0,1.888183
683,0,1.907307
684,0.0517032,2.007748
685,0.09645521,2.033341
686,0.1220761,2.038974
687,3.07574E-05,1.98093
688,0.0002768167,1.947066
689,0.568889,1.971233
690,0.6114879,2.009444
691,0.2328028,1.984704
692,0.2717724,1.91355
693,0.378962,1.85536
694,0.1182315,1.891085
695,3.472388,1.883531
696,9.068794,1.882498
697,30.8806,1.850803
698,26.71665,1.831344
699,18.9535,1.814591
700,1.330688,1.766364
701,1.16955,1.719121
702,6.968908,1.692315
703,0,1.701615
704,0,1.669673
705,12.7959,1.612747
706,14.77128,1.513312
707,0,1.428487
708,0,1.356463
709,0,1.338027
710,0.2381853,1.315713
711,0.2660208,1.24958
712,0.01488658,1.257499
713,0.01488658,1.193124
714,0,1.206842
715,0.09304114,1.188804
716,0.01627067,1.098377
717,0.001507113,1.041755
718,0,1.043266
719,0,0.9223017
720,3.032564,0.8858914
721,2.095226,0.7543191
722,0,0.7643771
723,0,0.6572667
724,0,0.5387459
725,0,0.4911192
726,0,0.4715827
727,0,0.4295157
728,0,0.4226773
729,0,0.3378554
730,0,0.3112896
731,0,0.305668
732,1.24263,0.3125959
733,1.317924,0.2984743
734,0,0.2586524
735,0,0.2455034
736,0,0.2318897
737,0.006920415,0.2013679
738,0.006920415,0.1713931
739,0.006920415,0.1477114
740,0,0.1218721
741,0,0.1056457
742,3.07574E-05,0.1091905
743,3.07574E-05,0.09712953
744,3.07574E-05,0.08816768
745,0,0.06247586
746,0,0.05793144
747,0,0.06988832
748,0,0.1061711
749,0,0.1025287
750,0.03555556,0.1660805
751,0.03555556,0.2794619
752,0.006028451,0.3307732
753,0.006028451,0.4216285
754,0,0.5979927
755,0,0.6718161
756,0.1070665,0.8985562
757,0.1070665,0.9541845
758,0.12995,1.106283
759,0,1.129177
760,0,1.21822
761,0,1.269003
762,0,1.278664
763,0,1.23532
764,0,1.123521
765,0,1.064929
766,0.3326721,0.9847674
767,0.378962,0.8698146
768,0.001507113,0.7913414
769,0.001507113,0.6480836
770,0.003721646,0.5568041
771,0,0.4984524
772,0,0.5235738
773,0,0.4283949
774,0.32,0.3926647
775,0.32,0.3321262
776,0,0.3045972
777,0.00307574,0.3125329
778,0,0.3117093
779,0,0.2855795
780,0.02768166,0.291905
781,0.02768166,0.3005182
782,0,0.2552352
783,0,0.2217354
784,0,0.1753108
785,0.05954633,0.06874892
786,0,0.06874892
787,0,0.05962682
788,0,0.05041949
789,0.0007689351,0.1120234
790,0.0007689351,0.2560305
791,0.0007689351,0.3994522
792,0,0.5891179
793,0,0.7990111
794,0,0.9096497
795,0,1.398238
796,0,1.883083
797,0.0398616,1.919954
798,0.02242215,2.205481
799,0.009965399,2.337606
800,0,2.511452
801,0,2.670013
802,0,2.699561
803,0.009965399,2.796908
804,0.01110342,2.768622
805,0.3263053,2.926278
806,0.2547021,2.881591
807,0.2222222,2.924816
808,0,2.919647
809,0,2.973547
810,0,2.950408
811,0.0007689351,2.914949
812,0.1339793,2.869278
813,0.8373703,2.851868
814,5.820086,2.824351
815,7.234931,2.75182
816,6.200737,2.64788
817,0,2.644633
818,111.6194,2.546115
819,25.24681,2.451533
820,28.88004,2.229606
821,10.31115,2.150756
822,1.305221,2.144705
823,0.08639754,2.070397
824,0.001507113,2.026948
825,0.001507113,1.827857
826,0.00307574,1.776864
827,0.2547021,1.728022
828,0.187128,1.732164
829,31.43784,1.687869
830,31.6871,1.716048
831,31.0658,1.671462
832,0,1.623955
833,0,1.599394
834,0.3263053,1.560495
835,0.4429066,1.522411
836,24.96892,1.44936
837,26.31683,1.432137
838,26.31683,1.305963
839,0,1.26544
840,0,1.144891
841,0.020792,1.036179
842,0.02768166,1.037995
843,0.00307574,0.8967962
844,0.001507113,0.7589209
845,0.001507113,0.70083
846,0,0.7046888
847,0,0.5682563
848,0,0.5039971
849,0,0.5080167
850,0,0.4589087
851,0,0.425891
852,0,0.410816
853,0.5039293,0.3806239
854,0.5039293,0.3643432
855,0,0.3523762
856,0,0.3111944
857,0.0004921185,0.3008301
858,0.0004921185,0.300217
859,0.0004921185,0.2574884
860,0,0.219806
861,0,0.1677655
862,0,0.1178733
863,0.5440677,0.1315834
864,0.5440677,0.1110418
865,0.00307574,0.115465
866,0.00307574,0.1010749
867,0.1422222,0.102534
868,0.1422222,0.1032444
869,0,0.08889797
870,0,0.07613453
871,0,0.07099214
872,0,0.06119336
873,0,0.07631724
874,0.4883045,0.05720366
875,0.4883045,0.04706984
876,0.4883045,0.06175753
877,0.001968474,0.04401715
878,0.001968474,0.04027786
879,0.001968474,0.04257059
880,0,0.03228584
881,0,0.06308179
882,0.6646367,0.03775568
883,0.72,0.05655131
884,0.72,0.08121755
885,0,0.09728105
886,0,0.07033092
887,0,0.06524661
888,0,0.06789768
889,0,0.06571265
890,0.02242215,0.06118205
891,0.02242215,0.05740627
892,0.004429066,0.04967022
893,0.004429066,0.03737192
894,0.004429066,0.06496048
895,0,0.1023482
896,0,0.0858053
897,0,0.08038665
898,0,0.09000249
899,0,0.09268109
900,0,0.07663592
901,0,0.08217526
902,4.187967,0.09653661
903,4.187967,0.1155156
904,0.1776548,0.1049569
905,0.1776548,0.1135878
906,0,0.1162893
907,0,0.1432765
908,0,0.1734781
909,0,0.227093
910,0,0.2281192
911,0,0.2300944
912,0,0.2130291
913,0,0.2232859
914,0.428266,0.2083678
915,0.2953941,0.1753288
916,0.006028451,0.1555245
917,0.006028451,0.1440201
918,0,0.1471337
919,0,0.1239259
920,0,0.1291698
921,0.3521415,0.09447411
922,0.3521415,0.1053238
923,0,0.09109693
924,0,0.112416
925,3.07574E-05,0.0842156
926,3.07574E-05,0.09995037
927,3.07574E-05,0.1418724
928,0,0.1505309
929,0,0.1198625
930,0,0.1210905
931,0.2547021,0.1307477
932,0.2547021,0.114903
933,0,0.1191741
934,0,0.07272682
935,0,0.05782936
936,0,0.0663167
937,0,0.06687243
938,0.009965399,0.0782356
939,0.009965399,0.06414989
940,0,0.05316639
941,0,0.06297439
942,0.0004921185,0.05965489
943,0.0004921185,0.08500931
944,0,0.09793445
945,0,0.08552261
946,0,0.09780289
947,0.006920415,0.08569214
948,0.006920415,0.0720184
949,0.006920415,0.07972718
950,0.7873895,0.05330639
951,0.7873895,0.06598897
952,0.00249135,0.07185414
953,0.00249135,0.05842391
954,0.00249135,0.04216674
955,0,0.04552934
956,0,0.05988553
957,0,0.04641511
958,0,0.0570567
959,0,0.04540339
960,0,0.0614801
961,0.3263053,0.05813555
962,0.4067666,0.08504049
963,0,0.07332119
964,0,0.07735787
965,0,0.05301646
966,0.003721646,0.0736182
967,0.003721646,0.1099048
968,0,0.1023415
969,0,0.1018056
970,0,0.09383378
971,0.01230296,0.106471
972,0.01230296,0.1076871
973,0.01230296,0.08759602
974,0.05687044,0.08549274
975,0.05687044,0.08951361
976,0.04678201,0.08420556
977,0.00307574,0.1145216
978,0.00249135,0.1387293
979,0.00249135,0.1397977
980,0,0.126163
981,0,0.1280752
982,0,0.1159498
983,0.02955786,0.1181919
984,0.02955786,0.1051051
985,0.07384852,0.08122854
986,0.07384852,0.08736124
987,0,0.06490844
988,0,0.05905791
989,0.0002768167,0.05564757
990,0.0002768167,0.04640448
991,0,0.03673335
992,0,0.04360624
993,0,0.08428228
994,0.07689351,0.06939209
995,0.07689351,0.07168597
996,0.08968858,0.06337391
997,0,0.06975491
998,0,0.0690521
999,0,0.09970764
1000,0,0.1071527
1001,0.0001230296,0.1069861
1002,0.0001230296,0.07987384
1003,0.0001230296,0.07534159
1004,0,0.09342024
1005,0,0.07026445
1006,0,0.06964034
1007,1.29258,0.06551155
1008,1.29258,0.05097866
1009,0.2893964,0.08617275
1010,0.2893964,0.1086451
1011,0.2893964,0.1532359
1012,0,0.1418135
1013,0,0.1881902
1014,0,0.1994997
1015,0.0004921185,0.2653903
1016,0,0.2959206
1017,0,0.333544
1018,0,0.3516835
1019,0,0.3725863
1020,0,0.3935623
1021,0,0.3638614
1022,0,0.3673117
1023,0,0.4609358
1024,0,0.4467701
1025,0,0.4357406
1026,0,0.4244079
1027,0.001968474,0.5159862
1028,0.0007689351,0.5376304
1029,8.15765,0.5408593
1030,7.536345,0.553373
1031,8.15765,0.5527422
1032,0,0.5522752
1033,0,0.5881973
1034,0.1182315,0.5707258
1035,0.146436,0.5655025
1036,0.146436,0.4941429
1037,0,0.4513764
1038,0,0.4101442
1039,0,0.4415643
1040,0.0007689351,0.4434222
1041,0.0001230296,0.3882002
1042,10.27557,0.3437184
1043,10.27557,0.3425717
1044,10.27557,0.3650727
1045,0,0.3908632
1046,0,0.4044334
1047,0.009965399,0.4227813
1048,0.009965399,0.4436946
1049,0.00888889,0.4464892
1050,0.02586697,0.4642378
1051,0.02586697,0.4595031
1052,0.03767782,0.4534917
1053,0,0.4514999
1054,0,0.4702806
1055,0.001107267,0.4620146
1056,0,0.4569741
1057,0,0.449828
1058,0,0.4507888
1059,0,0.4329277
1060,0,0.4138855
1061,0,0.3777735
1062,0,0.3656625
1063,0.0007689351,0.3623469
1064,0.003721646,0.3511374
1065,0.003721646,0.3178521
1066,0.003721646,0.3186397
1067,0,0.290329
1068,0,0.2601777
1069,0,0.2531276
1070,0,0.2355159
1071,0,0.2366215
1072,0.3455902,0.2246425
1073,0.249135,0.2076941
1074,0,0.206203
1075,0,0.1786488
1076,0,0.1497027
1077,0,0.1095327
1078,0,0.102997
1079,0,0.0881801
1080,0.1034679,0.05873588
1081,0.1034679,0.05873588
1082,0.001968474,0.05628585
1083,0.001968474,0.04537055
1084,0,0.04479794
1085,0,0.03703604
1086,0,0.03881956
1087,0.7485121,0.06328808
1088,0.7485121,0.05903466
1089,0.7485121,0.04145693
1090,0.1968474,0.03087574
1091,0.1968474,0.05417417
1092,0.1968474,0.05071301
1093,0,0.06091845
1094,0,0.0913262
1095,0,0.06636503
1096,0.005198001,0.06469373
1097,0.005198001,0.05359001
1098,0.005198001,0.04923772
1099,0.1507113,0.02811169
1100,0.1507113,0.02619789
1101,0.3137563,0.03624197
1102,0.3137563,0.06713503
1103,0.3137563,0.05068607
1104,0,0.05618863
1105,0,0.07882112
1106,81.21895,0.1197436
1107,81.21895,0.1293369
1108,0,0.08113635
1109,0,0.06818115
1110,3.07574E-05,0.07117873
1111,3.07574E-05,0.09958627
1112,0,0.1035286
1113,0,0.09441888
1114,1.984344,0.1009941
1115,1.984344,0.07008713
1116,1.984344,0.09312611
1117,0,0.06850406
1118,0,0.06692426
1119,0,0.08538958
1120,0.06508266,0.1156576
1121,0.06508266,0.1256419
1122,0.05687044,0.1266097
1123,0.00888889,0.2044522
1124,0.00888889,0.1951523
1125,0.00249135,0.224124
1126,0.00249135,0.23499
1127,0,0.2142384
1128,0,0.2151564
1129,0,0.1676793
1130,0,0.1459862
1131,0,0.1282754
1132,0.187128,0.1436761
1133,0.187128,0.1370489
1134,0.187128,0.1182363
1135,0.307574,0.13687
1136,0.307574,0.1397053
1137,0.307574,0.1711157
1138,0,0.1933088
1139,0,0.2442122
1140,0,0.2648342
1141,5.19558,0.3578145
1142,5.19558,0.3722445
1143,0.2328028,0.5109062
1144,0.2603306,0.5462447
1145,0.0001230296,0.6745462
1146,0.0001230296,0.7336007
1147,3.07574E-05,0.7235085
1148,0,0.8291146
1149,0,0.9895069
1150,0.005198001,0.9739344
1151,0.00249135,0.9442165
1152,0,0.9121565
1153,0,1.01615
1154,0,1.153193
1155,2.359987,1.214271
1156,1.846213,1.189107
1157,1.627066,1.141613
1158,0,1.136921
1159,0,1.107161
1160,0,1.120116
1161,0,1.179176
1162,0,1.183697
1163,0,1.060625
1164,0,0.9632952
1165,0,0.9001153
1166,0.01627067,0.8716009
1167,0.01771626,0.8307911
1168,0.03349482,0.8222107
1169,0,0.734535
1170,0,0.6972568
1171,0.006028451,0.5252681
1172,0.001968474,0.4485166
1173,2.063238,0.4776494
1174,1.922338,0.4881987
1175,2.32603,0.4542972
1176,0,0.4328355
1177,0,0.4358332
1178,0,0.4083244
1179,0.0007689351,0.3950044
1180,0.0001230296,0.3814386
1181,0,0.3672176
1182,0,0.3579691
1183,0,0.3483205
1184,0.03349482,0.3824462
1185,0.03349482,0.3948776
1186,0.03349482,0.3825037
1187,0,0.3343427
1188,0,0.3512968
1189,0,0.3713753
1190,0,0.4142822
1191,0,0.3968241
1192,0,0.3784746
1193,0,0.4027857
1194,0,0.4266719
1195,0.1594464,0.423014
1196,0.1594464,0.4194142
1197,0.1730104,0.4151025
1198,0.1070665,0.4148263
1199,0,0.4420806
1200,0,0.4384759
1201,0,0.4228858
1202,0,0.4164015
1203,0,0.4529548
1204,0.01356401,0.465384
1205,0.6828451,0.5056698
1206,1.801276,0.5204151
1207,0,0.5739226
1208,0,0.5861301
1209,0,0.6408131
1210,0,0.6566901
1211,0,0.6647108
1212,0.0002768167,0.6750038
1213,0.01771626,0.7502455
1214,0.01110342,0.7653724
1215,0.01771626,0.7972233
1216,0.0517032,0.8294022
1217,0.03555556,0.8013666
1218,7.65864,0.8363196
1219,7.26479,0.8670823
1220,0.004429066,0.9421836
1221,0.01771626,1.022259
1222,0.02955786,1.022259
1223,0.02955786,1.061962
1224,0.02768166,1.046874
1225,0.03555556,1.012536
1226,0.32,0.9848439
1227,0.3997232,0.9491407
1228,0.4729258,0.8556861
1229,0.5039293,0.8334445
1230,0.5039293,0.7788549
1231,3.854395,0.7623375
1232,0.2436294,0.6839384
1233,0.378962,0.6272605
1234,0.6201923,0.6397343
1235,1.145682,0.613862
1236,1.145682,0.551605
1237,112.4412,0.5345389
1238,112.4412,0.4700316
1239,112.0886,0.4568677
1240,11.89957,0.3623484
1241,11.89957,0.3354692
1242,10.59806,0.3010327
1243,1.598893,0.2441605
1244,1.598893,0.2305546
1245,121.5577,0.1985301
1246,121.5577,0.1419625
1247,121.069,0.1129522
1248,13.27641,0.1110202
1249,13.27641,0.130097
1250,2,0.1364318
1251,2,0.1235389
1252,117.195,0.09522175
1253,117.195,0.0757725
1254,1.205813,0.1056423
1255,1.205813,0.100623
1256,124.3867,0.0874672
1257,124.3867,0.09228459
1258,124.3867,0.113744
1259,1.255025,0.09252352
1260,1.098685,0.04433997
1261,108.5934,0.03103252
1262,108.5934,0.04442498
1263,108.5934,0.08235019
1264,2.326028,0.07556877
1265,2.326028,0.08841792
1266,80.62016,0.0655378
1267,80.62016,0.07720666
1268,104.8125,0.08407545
1269,104.8125,0.07497062
1270,104.8125,0.0669276
1271,1.953218,0.07298229
1272,1.953218,0.07839851
1273,111.5023,0.117272
1274,111.5023,0.1436133
1275,111.5023,0.1972337
1276,1.218024,0.2384986
1277,1.218024,0.4106984
1278,1.218024,0.4810033
1279,2.768167,0.6965336
1280,2.480769,0.7727414
1281,2.480769,1.144045
1282,0,1.387202
1283,0,1.433605
1284,4.654256,1.471378
1285,1.255025,1.428026
1286,1.122061,1.323175
1287,0,0.8876764
1288,0,0.7029914
1289,0,0.3324135
1290,2.159941,0.3908094
1291,2.159941,0.3204335
1292,0,0.314429
1293,0,0.2746204
1294,3.576514,0.2521552
1295,2.047336,0.2134861
1296,2.047336,0.2608451
1297,0,0.242368
1298,0,0.244064
1299,0,0.2408861
1300,0.2328028,0.2572013
1301,234.9773,0.2648034
1302,234.9773,0.2448408
1303,234.9773,0.2608298
1304,0,0.2770545
1305,0,0.2851298
1306,0.4210381,0.2908946
1307,0.4210381,0.2597803
1308,0,0.2573137
1309,0,0.2397477
1310,75.81397,0.256302
1311,75.81397,0.2400676
1312,0,0.2530453
1313,0,0.3066649
1314,0.02242215,0.3084345
1315,0.03349482,0.2600246
1316,0.0241138,0.2557116
1317,0,0.2382047
1318,0,0.2300814
1319,0.05425606,0.2109523
1320,0.05425606,0.1414338
1321,0,0.1319103
1322,0,0.1381511
1323,0,0.1479644
1324,0.004429066,0.1474666
1325,0.004429066,0.1234716
1326,0,0.1259553
1327,0,0.09897441
1328,0.00888889,0.09413449
1329,0.00888889,0.07075604
1330,10.13387,0.0887763
1331,10.13387,0.06994279
1332,0,0.0633816
1333,0,0.07249636
1334,0,0.08781779
1335,0.00249135,0.09342418
1336,0.00249135,0.1109845
1337,0.3858208,0.108069
1338,0.3858208,0.1246198
1339,0.3858208,0.0944006
1340,0,0.1162417
1341,0,0.1429325
1342,0,0.1526876
1343,0,0.1110881
1344,0,0.1063458
1345,0,0.1024402
1346,0,0.08798356
1347,0,0.06698062
1348,0.00888889,0.06525535
1349,0.00888889,0.06983331
1350,0.00888889,0.05719669
1351,0.1776548,0.06412842
1352,0.1776548,0.08492158
1353,0.1776548,0.1051632
1354,0,0.1101287
1355,0,0.1570494
1356,0.0004921185,0.1761188
1357,0.0004921185,0.2239016
1358,8.542263,0.2162289
1359,11.70905,0.2321747
1360,12.28529,0.2503322
1361,0.006028451,0.274517
1362,0.006028451,0.2563617
1363,0.006028451,0.2236457
1364,0,0.2103004
1365,0,0.2016827
1366,0,0.162495
1367,0.009965399,0.1345024
1368,0.01922338,0.1051078
1369,0.01922338,0.1153077
1370,0,0.1144283
1371,0,0.0663673
1372,0,0.06915347
1373,0.3654287,0.06368142
1374,0.3654287,0.09308541
1375,0.3654287,0.1110571
1376,1.330688,0.1032535
1377,1.786421,0.08843701
1378,0,0.09158524
1379,0,0.102227
1380,0,0.1193647
1381,0.04441369,0.138804
1382,0.04441369,0.1118332
1383,2.063238,0.1151922
1384,2.063238,0.1116846
1385,1.461715,0.1442011
1386,3.07574E-05,0.1377467
1387,0.00888889,0.1402732
1388,0,0.150275
1389,0,0.1849629
1390,4.511786,0.2595948
1391,3.4724,0.2705532
1392,0,0.2700775
1393,0,0.3261222
1394,0.03767782,0.3180736
1395,0.03767782,0.3215085
1396,0.03767782,0.2940802
1397,0,0.3263609
1398,0,0.3374629
1399,3.472395,0.346078
1400,3.472395,0.3568539
1401,0,0.3903652
1402,0,0.4216941
1403,0,0.4474057
1404,1.29258,0.4264779
1405,1.29258,0.4119922
1406,0.2547021,0.3815891
1407,0.7389466,0.3305598
1408,1.28,0.3158371
1409,0,0.2720302
1410,0,0.2403756
1411,0,0.19994
1412,1.641246,0.1603714
1413,1.641246,0.129812
1414,2.031496,0.1205511
1415,4.325272,0.1103389
1416,4.325272,0.1076173
1417,0,0.07436322
1418,0,0.05769324
1419,1.627066,0.08276116
1420,1.627066,0.07021247
1421,0,0.05746961
1422,0,0.0435277
1423,408.8679,0.02756232
1424,408.8679,0.0210823
1425,408.8679,0.02873054
1426,0,0.03060463
1427,0,0.03811254
1428,0.9527413,0.03673983
1429,0.9527413,0.02138635
1430,0.9527413,0.02255527
1431,9.474065,0.02899546
1432,9.474065,0.03472999
1433,0,0.02462881
1434,0,0.03505125
1435,591.1402,0.01417794
1436,591.1402,0.009255386
1437,0,0.01718832
1438,0,0.02267068
1439,0,0.02855619
1440,2.749753,0.01502083
1441,2.749753,0.01385485
1442,0,0.01641738
1443,0,0.01335653
1444,0,0.02698842
1445,0.568889,0.01244951
1446,0.568889,0.01752612
1447,7.234941,0.014007
1448,7.234941,0.024094
1449,0,0.01080541
1450,0,0.01818125
1451,0,0.02085862
1452,4.823277,0.01444951
1453,4.823277,0.01743156
1454,2.604577,0.009397467
1455,2.604577,0.01475503
1456,2.604577,0.02383585
1457,0,0.01659185
1458,0,0.005605896
1459,0,0.01351203
1460,1.064083,0.0148235
1461,1.064083,0.01952766
1462,0,0.02033712
1463,0,0.0040312
1464,0,0.009315887
1465,4.511791,0.009127583
1466,4.511791,0.01289546
1467,4.511791,0.02636156
1468,3.349495,0.0131943
1469,3.349495,0.02615636
1470,3.309016,0.01679033
1471,3.309016,0.009363352
1472,0,0.01245616
1473,0,0.01684798
1474,0,0.009827343
1475,27.00414,0.0226779
1476,27.00414,0.02892354
1477,0,0.006516648
1478,0,0.01207588
1479,3.110326,0.01644603
1480,3.110326,0.02354657
1481,0,0.02877406
1482,0,0.02414997
1483,0.3858208,0.01238001
1484,0.3858208,0.01314849
1485,0,0.01206339
1486,14.26411,0.02932438
1487,14.26411,0.01362247
1488,14.26411,0.01403568
1489,0,0.01524835
1490,0,0.01273481
1491,0,0.01236617
1492,0,0.02344116
1493,0,0.02120439
1494,4.256355,0.01250029
1495,4.256355,0.01498555
1496,4.256355,0.01953462
1497,10.67041,0.01289497
1498,10.67041,0.006322528
1499,10.67041,0.00445767
1500,9.74915,0.01221161
1501,9.74915,0.007829566
1502,101.0987,0.009487201
1503,101.0987,0.007757279
1504,0,0.001761553
1505,0,0.008663072
1506,0,0.01548782
1507,3.724856,0.01046543
1508,3.724856,0.004275391
1509,3.724856,0.01083831
1510,0,0.01202137
1511,0,0.01279059
1512,0,0.01868859
1513,3.268787,0.01697716
1514,3.268787,0.02578456
1515,6.508284,0.02143919
1516,6.508284,0.01682974
1517,0,0.03539661
1518,0,0.07146668
1519,0,0.1151142
1520,623.1127,0.2784581
1521,623.1127,0.3814101
1522,0,0.5322382
1523,0,0.6942096
1524,0,0.803488
1525,2.079201,1.007814
1526,2.079201,1.20929
1527,0,1.299755
1528,0,1.478835
1529,6.593442,1.52827
1530,1.96875,1.560005
1531,1.96875,1.732289
1532,2.359985,1.781886
1533,2.428636,1.840747
1534,123.2758,1.866371
1535,28.34604,1.890645
1536,3.329213,1.905555
1537,0.2717724,1.88904
1538,0.1144483,1.878081
1539,9.68003,1.842759
1540,9.923113,1.836434
1541,10.63422,1.769018
1542,0.0004921185,1.716582
1543,0.0004921185,1.666375
1544,0.2547021,1.621313
1545,0.3014533,1.518891
1546,0,1.430085
1547,0,1.401617
1548,0.001507113,1.333233
1549,0.0007689351,1.18015
1550,0,1.182894
1551,0,1.093767
1552,0,1.006717
1553,0.07086506,0.952718
1554,0.07086506,0.8269449
1555,0.0679431,0.8403111
1556,0.1259823,0.7415555
1557,0.1339793,0.7139542
1558,0,0.6471956
1559,0,0.5842378
1560,0,0.6388372
1561,2.480772,0.6548218
1562,2.480772,0.6434295
1563,0,0.6217977
1564,0,0.698586
1565,0,0.7252211
1566,0,0.7459629
1567,0,0.7558163
1568,0,0.7268055
1569,0,0.6995995
1570,0,0.6258055
1571,0.0679431,0.5912273
1572,0.0679431,0.5009694
1573,0.04441369,0.4473832
1574,0,0.3832516
1575,0,0.3832516
1576,0.02586697,0.3028765
1577,0.03349482,0.2301271
1578,0,0.2360721
1579,0,0.1710339
1580,0,0.1378014
1581,0.06228374,0.13179
1582,0.06228374,0.09302717
1583,0.06228374,0.08985052
1584,0.0001230296,0.02412558
1585,3.07574E-05,0.02958295
1586,0,0.04689265
1587,0,0.05538295
1588,0,0.08625731
1589,0.0002768167,0.05087387
1590,0.0002768167,0.02791952
1591,0,0.02686516
1592,0,0.02676221
1593,0,0.03279914
1594,0.006028451,0.02147816
1595,0.006028451,0.03728735
1596,0.01771626,0.01915146
1597,0.01771626,0.04268718
1598,0.01771626,0.06695727
1599,0,0.09001365
1600,0,0.07856299
1601,0,0.05709307
1602,0.00888889,0.04460287
1603,0.00888889,0.0676344
1604,0.00888889,0.0379106
1605,0,0.03399047
1606,0,0.04229323
1607,0.1107266,0.04472332
1608,0.1107266,0.04511888
1609,0.1107266,0.01277236
1610,0,0.02311103
1611,0,0.0339847
1612,0,0.04860539
1613,0,0.02689107
1614,0,0.03067959
1615,0,0.02808222
1616,0,0.02902283
1617,0,0.05024345
1618,0.01488658,0.05108938
1619,0.01488658,0.01786797
1620,0.01356401,0.01880472
1621,0.01356401,0.02804347
1622,0,0.02775517
1623,0,0.003330469
1624,0,0.01734029
1625,0.6201923,0.03243402
1626,0.6201923,0.02878523
1627,0,0.02258864
1628,0,0.04167642
1629,0,0.03023715
1630,0.02586697,0.02005328
1631,0.02586697,0.01633613
1632,0.04441369,0.01294338
1633,0.04441369,0.01401986
1634,0,0.0159771
1635,0,0.0154066
1636,0,0.03568988
1637,0.03149558,0.02434562
1638,0.03149558,0.01893399
1639,0.2222222,0.02374685
1640,0.2222222,0.0162363
1641,0.2222222,0.0262146
1642,0,0.0121313
1643,0,0.0289112
1644,0,0.02498994
1645,0.01771626,0.02300827
1646,0.01771626,0.02771433
1647,0.01771626,0.01927637
1648,0,0.007027833
1649,0,0.01577166
1650,0.03349482,0.01597442
1651,0.03349482,0.0164005
1652,0.03349482,0.02626366
1653,0.511834,0.02737759
1654,0.511834,0.02685475
1655,0,0.02337645
1656,0,0.0195841
1657,0.3137563,0.02589913
1658,0.3137563,0.01205578
1659,0.00249135,0.02161172
1660,0.00249135,0.01876514
1661,0.00249135,0.006069825
1662,0,0.01708825
1663,0,0.008618305
1664,0.3521415,0.008660086
1665,0.3521415,0.0142089
1666,0.3521415,0.02522525
1667,0,0.01147492
1668,0,0.01412149
1669,0,0.01625939
1670,0,0.02805859
1671,0,0.00758039
1672,0,0.01518676
1673,0,0.01420546
1674,0,0.0207137
1675,4.92119,0.01394615
1676,4.92119,0.01965444
1677,0.006028451,0.02074655
1678,0.006028451,0.02541815
1679,0,0.02061019
1680,0,0.01091777
1681,0,0.02299544
1682,0,0.01207712
1683,0,0.01895178
1684,0,0.01972513
1685,0.5942638,0.03050132
1686,0.5942638,0.01176219
1687,0,0.02347403
1688,0,0.01420386
1689,0,0.009707878
1690,0,0.01512553
1691,0,0.0251259
1692,0.005198001,0.04299031
1693,0.005198001,0.03608655
1694,0.005198001,0.04293907
1695,0,0.04517703
1696,0,0.04483977
1697,0,0.05599853
1698,0.007873896,0.04497905
1699,0.01356401,0.05995858
1700,0.1422222,0.08211807
1701,0.1422222,0.09683058
1702,0,0.1096143
1703,0,0.09554493
1704,0,0.1005583
1705,0.006028451,0.1200607
1706,0.006028451,0.1329967
1707,0.006028451,0.1606586
1708,0,0.1271082
1709,0,0.1246957
1710,0,0.123294
1711,0,0.09428063
1712,0,0.06540995
1713,0,0.05123141
1714,0.001968474,0.04788918
1715,1.218024,0.06197768
1716,1.218024,0.05116767
1717,1.218024,0.05827376
1718,0,0.0506509
1719,0,0.06048167
1720,0,0.04177705
1721,0,0.06233518
1722,0,0.05471621
1723,0,0.03083023
1724,0,0.06383479
1725,0.01627067,0.09609835
1726,0.01627067,0.1139084
1727,0.01488658,0.1275907
1728,0,0.1763681
1729,0,0.1960549
1730,0,0.2329991
1731,0.1220761,0.248866
1732,0.1220761,0.3019367
1733,0,0.3293214
1734,0,0.3425463
1735,0,0.3167968
1736,0,0.2812848
1737,0,0.2829393
1738,0.0004921185,0.2635065
1739,0.0004921185,0.2933116
1740,1.655486,0.3292407
1741,1.655486,0.358257
1742,1.28,0.3696521
1743,0,0.436859
1744,0,0.456573
1745,0,0.5452121
1746,0.0001230296,0.5708657
1747,0.03767782,0.5930347
1748,0.02242215,0.6122822
1749,0.1034679,0.6430684
1750,0,0.6492567
1751,0,0.6378591
1752,0,0.6600178
1753,0.568889,0.6599058
1754,0.568889,0.6124487
1755,0.6466744,0.576321
1756,0,0.498425
1757,0,0.4779656
1758,0.01771626,0.4171833
1759,0.01771626,0.3711014
1760,0.01771626,0.3183409
1761,0.0001230296,0.3117275
1762,0.0001230296,0.226799
1763,0,0.230278
1764,0,0.2019877
1765,0.01230296,0.1589191
1766,0.01230296,0.1254808
1767,0,0.1263447
1768,0,0.1271761
1769,0,0.1324395
1770,0.006028451,0.1514922
1771,0.003721646,0.1342381
1772,0.009965399,0.1357285
1773,0.009965399,0.1403638
1774,0.00888889,0.1793883
1775,0,0.2157389
1776,0,0.2366933
1777,0,0.3029703
1778,7.20513,0.4488327
1779,6.200739,0.5916896
1780,6.200739,0.685939
1781,0,0.8913944
1782,0,1.040318
1783,0,1.250685
1784,0,1.495489
1785,0,1.758981
1786,0,1.90255
1787,0.09645521,1.932841
1788,0.0679431,2.319008
1789,0,2.677829
1790,0,3.00746
1791,0,3.299123
1792,0,3.441752
1793,0,3.652608
1794,0.0679431,3.728173
1795,0.1107266,3.87775
1796,0,3.879338
1797,0.0001230296,4.074721
1798,0.009965399,4.198148
1799,0.2222222,4.370166
1800,0.3137563,4.359542
1801,1.08709,4.479559
1802,1.584898,4.470562
1803,42.53677,4.158912
1804,0,3.955605
1805,0,3.450511
1806,0.4805844,3.075274
1807,0.04678201,2.64949
1808,0.4210381,2.12775
1809,0.08316801,1.277378
1810,0.003721646,0.7865888
1811,0,0.8234478
1812,0,0.8922893
1813,0,0.8826488
1814,0,0.8450733
1815,0,0.6494936
1816,0,0.5479828
1817,0,0.418707
1818,0.9527413,0.3493766
1819,0.9635987,0.3508198
1820,0.9527413,0.3800032
1821,0,0.3249925
1822,0,0.2840624
1823,0,0.2277602
1824,0,0.1873238
1825,0,0.1730617
1826,0,0.1552971
1827,0,0.1267461
1828,0,0.05330772
1829,0,0.04653339
1830,0,0.0960047
1831,0,0.09884924
1832,0,0.1235811
1833,0,0.10288
1834,0,0.1066597
1835,0,0.1035491
1836,0,0.07507126
1837,0,0.06901605
1838,1.395433,0.07043739
1839,1.395433,0.05956663
1840,1.330688,0.04034502
1841,0,0.01804792
1842,0,0.04124555
1843,0.01110342,0.0639194
1844,0.01110342,0.05944735
1845,0.01110342,0.04298239
1846,0.0001230296,0.03597788
1847,0.0001230296,0.04432059
1848,0,0.04542838
1849,0,0.06426728
1850,0,0.07758851
1851,0.001507113,0.08168311
1852,0.0004921185,0.07616244
1853,0.01627067,0.1422293
1854,0.01627067,0.1089559
1855,0.01627067,0.1074131
1856,0,0.09831395
1857,0,0.127123
1858,0,0.1495992
1859,0,0.1721641
1860,0,0.1592703
1861,0,0.1833553
1862,0,0.1884895
1863,0,0.2578521
1864,0,0.2589601
1865,0,0.3529348
1866,0,0.3575588
1867,0,0.4760405
1868,0.01627067,0.5184382
1869,0.01627067,0.5914301
1870,0.01230296,0.5967214
1871,0,0.6270741
1872,0,0.6678813
1873,0,0.7225065
1874,0,0.7471009
1875,0,0.7671391
1876,0,0.8651069
1877,0,0.9762678
1878,0,0.9661469
1879,0.003721646,1.057992
1880,0.006920415,1.129363
1881,0.09304114,1.169066
1882,0.1034679,1.174636
1883,0,1.176357
1884,0,1.19944
1885,0.1259823,1.212538
1886,0.1259823,1.157153
1887,0.1730104,1.169883
1888,0,1.200282
1889,0,1.172547
1890,0,1.148611
1891,0.710619,1.125892
1892,0.8680969,1.063449
1893,0,1.058279
1894,0,1.086668
1895,0,1.093756
1896,0,1.099311
1897,4.606521,1.104461
1898,4.606521,1.07963
1899,4.371531,1.063623
1900,0,1.007248
1901,0,0.9845081
1902,0.1422222,0.9055518
1903,0.1422222,0.8808667
1904,0.3521415,0.8393185
1905,0,0.8339133
1906,0,0.7685542
1907,0,0.7576613
1908,102.4415,0.7581744
1909,75.62093,0.7245792
1910,75.62093,0.7270088
1911,16.75185,0.6633253
1912,24.63749,0.6111383
1913,156.6799,0.5845643
1914,120.5814,0.512086
1915,197.4983,0.4533757
1916,0,0.4059638
1917,0,0.3313708
1918,0,0.300323
1919,14.05541,0.2810473
1920,14.05541,0.2663316
1921,92.05384,0.2429284
1922,92.05384,0.240923
1923,0,0.2069713
1924,0,0.2123184
1925,0,0.2141467
1926,2.015717,0.2207772
1927,1.598893,0.2063034
1928,0,0.1830483
1929,0,0.1711998
1930,14.43215,0.2027745
1931,14.43215,0.1616415
1932,14.43215,0.1373342
1933,0,0.1527855
1934,0,0.1559399
1935,40.46478,0.1574331
1936,50.86657,0.1453046
1937,50.86657,0.0872663
1938,2601.04,0.08181037
1939,2601.04,0.06303912
1940,0,0.05598099
1941,0,0.01428885
1942,0,0.01759442
1943,3864.408,0.0175901
1944,3864.408,0.03025822
1945,0,0.05935741
1946,0,0.04595989
1947,0,0.05666591
1948,20.22984,0.04953984
1949,20.22984,0.06873931
1950,13.84829,0.04777543
1951,13.84829,0.05337094
1952,0,0.05056078
1953,0,0.03298474
1954,2.309143,0.02750547
1955,2.309143,0.05901041
1956,2.309143,0.05414701
1957,0,0.05664214
1958,0,0.07534391
1959,414.2693,0.07987358
1960,414.2693,0.1198698
1961,414.2693,0.09662508
1962,16.52564,0.0841782
1963,16.52564,0.09161662
1964,0,0.06958944
1965,0,0.08892545
1966,4.418029,0.06918156
1967,4.325265,0.06575541
1968,4.325265,0.07778367
1969,0,0.07213824
1970,0,0.06232981
1971,9.439947,0.1039529
1972,9.439947,0.101129
1973,24.14451,0.1020181
1974,24.14451,0.1011017
1975,24.14451,0.1064711
1976,0,0.1155637
1977,0,0.1232319
1978,13.27641,0.111818
1979,11.29524,0.1281567
1980,11.29524,0.1362332
1981,0,0.1171491
1982,0,0.1119126
1983,10.99899,0.08583979
1984,10.99899,0.09267762
1985,0,0.09463189
1986,0,0.09845731
1987,0,0.08987807
1988,17.02537,0.09140139
1989,17.02537,0.08418611
1990,13.23604,0.09731762
1991,28.1692,0.1139338
1992,35.67647,0.1061523
1993,35.34592,0.09939407
1994,35.34592,0.0975097
1995,0,0.110122
1996,0,0.1235623
1997,0,0.133739
1998,0,0.1222874
1999,11.747,0.09914867
2000,11.747,0.09452949
2001,11.747,0.1005113
2002,0,0.08269762
2003,0,0.1002033
2004,0,0.08040898
2005,6.283866,0.07278853
2006,6.283866,0.07516983
2007,54.57055,0.07375444
2008,54.57055,0.09233192
2009,0,0.0633764
2010,0,0.0639137
2011,0.4138716,0.05948626
2012,0.4138716,0.07776628
2013,0.4138716,0.07551625
2014,0,0.06622156
2015,0,0.04403744
2016,0,0.05470709
2017,0.01488658,0.05248381
2018,0.01488658,0.02540531
2019,0.0001230296,0.04312652
2020,0.0001230296,0.03570537
2021,0,0.06587737
2022,0,0.05826568
2023,0,0.06600555
2024,0.04921184,0.07109474
2025,0.04921184,0.07809396
2026,0,0.07900392
2027,0,0.06548297
2028,0,0.06164897
2029,0,0.05234955
2030,0,0.04860429
2031,0,0.04525818
2032,0.07689351,0.03154581
2033,0.07689351,0.03519832
2034,0.006028451,0.03091915
2035,0.006028451,0.01875961
2036,0.006028451,0.02890701
2037,0,0.0381568
2038,0,0.0514299
2039,0,0.03626604
2040,0,0.03799875
2041,0,0.0257696
2042,1.255025,0.03724517
2043,1.255025,0.04539767
2044,1.255025,0.04580629
2045,0,0.02843229
2046,0,0.03241207
2047,0.00249135,0.03018647
2048,0.00249135,0.02452485
2049,0,0.03011029
2050,0,0.01920514
2051,0,0.02508821
2052,10.24004,0.04434076
2053,10.24004,0.03241747
2054,10.24004,0.0219907
2055,0.02586697,0.02712627
2056,0.02586697,0.03659856
2057,0,0.03566867
2058,0,0.04042787
2059,0,0.02989494
2060,1.193664,0.03188658
2061,1.193664,0.0354566
2062,0,0.03971771
2063,0,0.04212129
2064,0,0.03445657
2065,0.4653287,0.005617411
2066,0.4653287,0.02210861
2067,0.4653287,0.03424976
2068,0.007873896,0.03411367
2069,0.007873896,0.0405605
2070,0.007873896,0.02132718
2071,0,0.02814667
2072,0,0.01484009
2073,2.159939,0.01839422
2074,2.159939,0.03585143
2075,2.159939,0.01910328
2076,2.159939,0.02363069
2077,0,0.04040552
2078,0,0.03261981
2079,0,0.02492108
2080,0,0.02987044
2081,0,0.03981579
2082,0,0.05692967
2083,0,0.04990189
2084,0,0.0631334
2085,0.04921184,0.06360857
2086,0.04921184,0.1005116
2087,0.3137563,0.1257504
2088,0.3587543,0.1862059
2089,0,0.2007445
2090,0,0.3092479
2091,0,0.4009025
2092,0,0.4599309
2093,0,0.5133086
2094,0,0.5557951
2095,0,0.608513
2096,0,0.6311169
2097,0.007873896,0.6154845
2098,0.02586697,0.5971306
2099,0.02586697,0.6587038
2100,0,0.7054945
2101,0,0.7047192
2102,3.07574E-05,0.696815
2103,0.08316801,0.7226639
2104,0.08639754,0.7680841
2105,0.08639754,0.8516261
2106,0,0.8520712
2107,0,0.9380497
2108,0.7678278,0.926905
2109,0.72,0.958815
2110,0.02242215,0.9710038
2111,0.006920415,0.9717801
2112,0.006920415,0.9735963
2113,0,0.9589843
2114,0,0.9385767
2115,0,0.9340799
2116,1.382361,0.9249971
2117,1.395433,0.9425203
2118,1.382361,0.9451367
2119,0,0.9582308
2120,0,0.9676111
2121,0,0.9907578
2122,0.3391004,0.9854184
2123,0.3391004,0.9327081
2124,0.3326721,0.8828304
2125,0.1594464,0.9167089
2126,0.1594464,0.9133477
2127,0,0.9055566
2128,0,0.8321127
2129,0,0.7991967
2130,0,0.7525519
2131,0,0.7510343
2132,0,0.7026587
2133,0,0.7199535
2134,0,0.6957814
2135,0,0.6853964
2136,0,0.6879478
2137,0,0.699216
2138,0,0.7197951
2139,0.02768166,0.7754844
2140,0.03149558,0.7832637
2141,0.03149558,0.8547574
2142,0,0.8764886
2143,0,0.9092332
2144,0,0.9534849
2145,0,1.009445
2146,0,1.064951
2147,0,1.105911
2148,0,1.15703
2149,0,1.250502
2150,0.0007689351,1.35343
2151,0.00307574,1.438473
2152,0.01922338,1.511048
2153,0.13807,1.590904
2154,0.2328028,1.604079
2155,0.1220761,1.807857
2156,0.187128,1.882516
2157,0.2436294,2.090888
2158,0,2.281626
2159,0,2.484597
2160,0,2.711687
2161,0.3858208,2.899868
2162,3.618578,3.12648
2163,3.964046,3.215711
2164,2.604568,3.435356
2165,5.348377,3.537153
2166,0.428266,3.501584
2167,0.09645521,3.458129
2168,0.01356401,3.354631
2169,0.005198001,3.122391
2170,0.001107267,3.009577
2171,0.04678201,2.618946
2172,0.05954633,2.505633
2173,0.05954633,1.967426
2174,0,1.865983
2175,0,1.488747
2176,0,1.210487
2177,2.8052,0.9729135
2178,2.731385,0.8254412
2179,2.731385,0.8133669
2180,0.00888889,0.7077246
2181,0,0.7736289
2182,0,0.7925397
2183,0.0004921185,0.7455798
2184,0.0004921185,0.7375379
2185,0.0004921185,0.8354816
2186,0,0.8422059
2187,0,0.9083806
2188,0.0007689351,0.9323354
2189,0.0004921185,0.8823584
2190,0.2068128,0.8696725
2191,0.2436294,0.9570457
2192,0,0.9539061
2193,0,0.8396185
2194,0,0.8293253
2195,0.568889,0.8615724
2196,0.5039293,0.8402485
2197,0.4577931,0.8001153
2198,0,0.7870667
2199,0,0.7317994
2200,0,0.7074239
2201,0.003721646,0.6531259
2202,0.003721646,0.5984542
2203,0.006920415,0.5509378
2204,0.007873896,0.5485714
2205,0.004429066,0.4307734
2206,0,0.3516203
2207,0,0.2973312
2208,0,0.2531472
2209,0,0.3008539
2210,0,0.3018343
2211,0,0.1976169
2212,0,0.1735116
2213,0,0.1298989
2214,0,0.1388419
2215,0,0.1483705
2216,0,0.1180037
2217,0,0.08513357
2218,0,0.03741825
2219,0,0.06678927
2220,0.02955786,0.08542458
2221,0.02955786,0.06127435
2222,0.02955786,0.03849778
2223,0.0002768167,0.06169552
2224,0.0002768167,0.0718118
2225,0,0.1193388
2226,0,0.1404793
2227,0,0.1601349
2228,0.03767782,0.1532099
2229,0.03767782,0.1265415
2230,0.1259823,0.1146861
2231,0.1259823,0.1231244
2232,0,0.1384779
2233,0,0.134022
2234,0,0.1338577
2235,0.568889,0.1723281
2236,0.568889,0.1843697
2237,0,0.1866287
2238,0,0.2125812
2239,0,0.2418239
2240,0.0004921185,0.2472172
2241,0.0001230296,0.26665
2242,0.0001230296,0.2471535
2243,0.1422222,0.233797
2244,0.1422222,0.2570733
2245,0.191957,0.2786108
2246,0,0.2908251
2247,0,0.2829842
2248,0,0.2858241
2249,2.12746,0.3208424
2250,2.12746,0.3369828
2251,0,0.3282636
2252,0,0.348574
2253,0,0.3341558
2254,0,0.3196592
2255,0,0.3274468
2256,0.09645521,0.3441583
2257,0.09645521,0.3825517
2258,0,0.4049264
2259,0,0.4286235
2260,0,0.4055558
2261,0,0.413871
2262,0,0.4726839
2263,0,0.4371559
2264,0,0.3920279
2265,0,0.311384
2266,0,0.2926395
2267,0,0.3293658
2268,0,0.3049403
2269,6.395597,0.2743827
2270,6.395597,0.2318243
2271,6.395597,0.2173034
2272,0,0.1939283
2273,0,0.2180077
2274,0,0.2346645
2275,0,0.2619449
2276,0,0.2337597
2277,1.846213,0.1977339
2278,2.159939,0.2141465
2279,2.159939,0.2372537
2280,0.003721646,0.2333965
2281,0.003721646,0.237183
2282,0,0.1871126
2283,3.576508,0.1580834
2284,4.279254,0.1588413
2285,4.279254,0.1571147
2286,0,0.1431849
2287,0,0.1255211
2288,0.0007689351,0.1170668
2289,0.0007689351,0.101165
2290,0.0007689351,0.1020685
2291,0,0.111916
2292,0,0.09762831
2293,0,0.08124526
2294,0,0.08615749
2295,0,0.08707938
2296,0,0.06108786
2297,0,0.05702025
2298,0,0.05289594
2299,0,0.04609477
2300,1.461715,0.04360129
2301,1.461715,0.0427985
2302,3.07574E-05,0.04343357
2303,3.07574E-05,0.05329296
2304,3.07574E-05,0.05532965
2305,0,0.09149257
2306,0,0.09799137
2307,0,0.1018753
2308,2.275558,0.1122628
2309,2.275558,0.1168428
2310,2.275558,0.09964389
2311,0,0.1187723
2312,0,0.1056516
2313,0,0.09914942
2314,0.0007689351,0.09440818
2315,0.0007689351,0.09610797
2316,0.0004921185,0.09973945
2317,0,0.07082611
2318,0,0.08196355
2319,0.03555556,0.08074847
2320,0.04678201,0.08682138
2321,0,0.08750439
2322,0,0.07912531
2323,0,0.08539119
2324,3.07574E-05,0.08380148
2325,3.07574E-05,0.07379234
2326,3.07574E-05,0.08869582
2327,3.07574E-05,0.09650884
2328,0,0.07013687
2329,0,0.08693012
2330,0,0.07543706
2331,0,0.05483285
2332,0,0.04865303
2333,0,0.06397889
2334,0,0.05283749
2335,0,0.05529357
2336,0,0.04173628
2337,0,0.04068705
2338,0,0.02106831
2339,0,0.02418002
2340,0,0.01894556
2341,0,0.01411706
2342,0,0.01615424
2343,0,0.01135293
2344,0,0.02044424
2345,0.0398616,0.01278413
2346,0.0398616,0.00937967
2347,0.8171934,0.006690058
2348,0.8171934,0.01774988
2349,0,0.01774988
2350,0,0.01030536
2351,0,0.01693319
2352,0.01230296,0.01024801
2353,0.01230296,0.01564667
2354,0.01230296,0.02370068
2355,0,0.02288142
2356,0,0.03863394
2357,0,0.03640173
2358,0,0.03543831
2359,0,0.03825863
2360,0,0.02793994
2361,0.1182315,0.03006565
2362,0.1182315,0.004199467
2363,0,0.008086488
2364,0,0.01555435
2365,0,0.01529322
2366,0,0.01654277
2367,0,0.02647929
2368,0.2381853,0.00768015
2369,0.2381853,0.02225749
2370,0,0.01242208
2371,0,0.01257188
2372,0,0.006752005
2373,8.542237,0.01533085
2374,8.542237,0.02041999
2375,0,0.01544718
2376,0,0.0134646
2377,0,0.01833594
2378,0,0.01378952
2379,0,0.01896318
2380,0.08000001,0.019005
2381,0.08000001,0.008699206
2382,0,0.005305317
2383,0,0.00607736
2384,0,0.0144928
2385,0,0.01843342
2386,0.0007689351,0.004984053
2387,0.0007689351,0.006321483
2388,12.09165,0.01608152
2389,12.09165,0.01543442
2390,0,0.01396097
2391,0,0.01560952
2392,0,0.01834559
2393,0.4805844,0.01579106
2394,0.4805844,0.01712467
2395,0.004429066,0.01567647
2396,0.004429066,0.007605667
2397,0.004429066,0.01158401
2398,0,0.01550939
2399,0,0.01598721
2400,0,0.01515041
2401,3.090784,0.01801596
2402,3.090784,0.02364975
2403,0.00249135,0.02139781
2404,0.00249135,0.02222127
2405,0,0.01278673
2406,0,0.01871464
2407,0,0.01940787
2408,0,0.02172018
2409,0.00249135,0.01223214
2410,0.00249135,0.0153706
2411,0.1730104,0.01394573
2412,0.1730104,0.01785452
2413,0.1730104,0.00850323
2414,0,0.01465304
2415,0,0.01565997
2416,0,0.02201772
2417,0,0.01813304
2418,11.25802,0.01089201
2419,11.25802,0.009784403
2420,0,0.00897504
2421,0,0.0207589
2422,0,0.01052072
2423,0,0.02664151
2424,0,0.01648288
2425,0,0.02409006
2426,0,0.003570726
2427,0,0.014539
2428,0.2222222,0.01324492
2429,0.2222222,0.007075111
2430,0,0.009830188
2431,0,0.01876792
2432,0.6556248,0.01287268
2433,0.6556248,0.01896105
2434,0.6556248,0.007040812
2435,0,0.01227294
2436,0,0.01384374
2437,0.307574,0.01393416
2438,0.307574,0.01413052
2439,0.307574,0.02031988
2440,21.23989,0.01536217
2441,21.23989,0.009352272
2442,0.0001230296,0.009706955
2443,0.0001230296,0.01252996
2444,0,0.008928893
2445,0,0.01067176
2446,0,0.004868568
2447,0,0.009486159
2448,0,0.009220219
2449,0,0.01465665
2450,0.0007689351,0.006060981
2451,0.0007689351,0.008339039
2452,0.001968474,0.00454448
2453,0.001968474,0.0228123
2454,0,0.0121086
2455,0,0.01712709
2456,0,0.01273082
2457,77.66018,0.02817828
2458,77.66018,0.02417979
2459,0.03555556,0.01073166
2460,0.03555556,0.01535554
2461,0,0.01931462
2462,0,0.01903889
2463,0.2953941,0.01272349
2464,0.2953941,0.02465624
2465,0,0.00977351
2466,0,0.01482643
2467,0,0.005541685
2468,0.02242215,0.01166211
2469,0.02242215,0.01208521
2470,0,0.008085405
2471,0,0.01237133
2472,0,0.02565826
2473,0.00249135,0.01091068
2474,0.00249135,0.01936056
2475,0.00249135,0.02730168
2476,0,0.01329601
2477,0,0.01536677
2478,0,0.01296097
2479,0,0.01944467
2480,0,0.01352059
2481,8.869495,0.01967994
2482,8.869495,0.008304949
2483,0.05425606,0.01736404
2484,0.05425606,0.02521366
2485,0.05425606,0.01842212
2486,0,0.01708438
2487,0.0004921185,0.02546273
2488,0.0004921185,0.01322813
2489,0.0004921185,0.01718877
2490,0,0.007037963
2491,0,0.02121677
2492,0,0.02426556
2493,0,0.01038219
2494,0,0.0148645
2495,3.07574E-05,0.009551987
2496,3.07574E-05,0.01407053
2497,3.07574E-05,0.01021742
2498,0.0001230296,0.005321041
2499,0.0001230296,0.009683773
2500,0.0001230296,0.02328144
2501,0,0.01168851
2502,0,0.007795911
2503,0,0.01099096
2504,0.0002768167,0.01822466
2505,0.0002768167,0.007642992
2506,0,0.02394142
2507,0,0.008083352
2508,0,0.02289428
2509,2.48077,0.01609681
2510,2.48077,0.0111823
2511,0.03349482,0.02810008
2512,0.03349482,0.009485689
2513,0,0.01505677
2514,0,0.01229106
2515,0,0.01568083
2516,0,0.007473256
2517,0,0.007642396
2518,0,0.007186702
2519,2.111313,0.007178286
2520,2.111313,0.005712256
2521,0,0.01300057
2522,0,0.01152973
2523,0,0.01598227
2524,0,0.01098702
2525,0.2170242,0.01830937
2526,0.2170242,0.02806202
2527,0.8171934,0.01618458
2528,0.8171934,0.01279842
2529,0.8171934,0.017791
2530,0,0.009831386
2531,0,0.01000986
2532,0,0.009217991
2533,9.236584,0.01462491
2534,9.236584,0.01808731
2535,0.0002768167,0.0140279
2536,0.0002768167,0.007624125
2537,0,0.01044796
2538,0,0.006502748
2539,0,0.01345615
2540,0,0.02196043
2541,0,0.01050934
2542,0,0.02276216
2543,0,0.03149491
2544,0,0.03061765
2545,0,0.006166136
2546,0,0.00670993
2547,0.4653287,0.0110307
2548,0.4653287,0.005691492
2549,0.4653287,0.01068715
2550,1.133841,0.01943337
2551,1.133841,0.00949112
2552,1.133841,0.02273423
2553,0,0.03097449
2554,0,0.03166724
2555,0,0.04108834
2556,0.2547021,0.04509147
2557,0.2547021,0.0593084
2558,0.2547021,0.1086657
2559,0,0.08128051
2560,0,0.1031732
2561,0,0.1162134
2562,0,0.1285674
2563,0,0.1417799
2564,0,0.1735332
2565,0,0.1666889
2566,0,0.1845997
2567,0.01771626,0.2097764
2568,0.01771626,0.2367408
2569,0.01110342,0.2581615
2570,0.307574,0.2547495
2571,0.2381853,0.2628418
2572,0.2381853,0.2790996
2573,0.01922338,0.3251236
2574,0.01922338,0.3360785
2575,0,0.3465903
2576,0,0.3547403
2577,0.001107267,0.3795472
2578,0.001107267,0.3792497
2579,0.0002768167,0.3834727
2580,0,0.405864
2581,0,0.4038639
2582,0.08639754,0.4191606
2583,0.1107266,0.4195149
2584,0.1107266,0.4345839
2585,0.001107267,0.424599
2586,0.001107267,0.4312238
2587,0.001107267,0.4593855
2588,0,0.4384196
2589,0,0.3598181
2590,0.4805844,0.3350941
2591,0.4960861,0.3881295
2592,0.4805844,0.396649
2593,0.3927413,0.3772381
2594,0.3927413,0.3379041
2595,0,0.3128238
2596,0,0.2924617
2597,0,0.3069417
2598,0.4805844,0.3422514
2599,0.4805844,0.309732
2600,0.4805844,0.2855437
2601,0.3137563,0.2732688
2602,0.3137563,0.2748904
2603,0,0.252726
2604,0,0.2231854
2605,0,0.2232775
2606,0.001107267,0.1923051
2607,0.001107267,0.1875151
2608,0.001107267,0.1588411
2609,0.0004921185,0.1321479
2610,0.0004921185,0.1287419
2611,0.0004921185,0.1244573
2612,0,0.1295325
2613,0,0.116821
2614,0.0001230296,0.1077219
2615,0.0001230296,0.08873609
2616,0.0001230296,0.08785258
2617,0.007873896,0.07959228
2618,0.007873896,0.04545908
2619,0,0.04382459
2620,0,0.04097015
2621,0,0.03527239
2622,0.1107266,0.04004192
2623,0.1107266,0.02927109
2624,0.6466744,0.03548821
2625,0.6466744,0.03636773
2626,0.6466744,0.02122683
2627,0,0.03261685
2628,0,0.02175205
2629,0,0.02087302
2630,0.00249135,0.01428827
2631,0.00249135,0.02785477
2632,0.00249135,0.02366443
2633,2.047336,0.0369659
2634,2.047336,0.01025804
2635,0,0.02706849
2636,0,0.03359921
2637,0,0.07461591
2638,0.2893964,0.1512216
2639,0.6737102,0.2897694
2640,0.6737102,0.3072745
2641,0,0.4694815
2642,0,0.482682
2643,0,0.6783178
2644,0,0.7218506
2645,5.581745,0.7218669
2646,0,0.7949155
2647,0,0.8250011
2648,0,0.8092608
2649,0,0.814994
2650,0,0.7873371
2651,0,0.7337396
2652,0,0.6449537
2653,0.07086506,0.6324164
2654,0.03767782,0.5125121
2655,0,0.4856189
2656,0,0.4111117
2657,0.8993772,0.3704544
2658,0.8993772,0.3297087
2659,0.8993772,0.3049482
2660,0,0.2552313
2661,0,0.2614804
2662,0.2274818,0.2497958
2663,0.2118877,0.2657932
2664,0.32,0.2506002
2665,0.32,0.2607616
2666,0,0.2305343
2667,0,0.2505645
2668,0,0.2824843
2669,0,0.2844992
2670,0,0.2981005
2671,0,0.2718497
2672,0,0.294111
2673,0,0.31339
2674,0.08968858,0.3105495
2675,0.08968858,0.3106486
2676,0.08968858,0.3002066
2677,0.04678201,0.2720216
2678,0.03767782,0.2378157
2679,0.5772857,0.2184266
2680,0.5772857,0.2049951
2681,0,0.1724143
2682,0,0.1744412
2683,0,0.1416884
2684,0,0.1610617
2685,0,0.1550046
2686,0.0679431,0.1198695
2687,0.0679431,0.07126404
2688,0.04441369,0.07237235
2689,0.04441369,0.066622
2690,0,0.03220838
2691,0,0.03411015
2692,0.8071973,0.04361822
2693,0.8071973,0.04498971
2694,0.8071973,0.04435759
2695,0,0.04865485
2696,0,0.03528725
2697,0,0.04027693
2698,0,0.03834743
2699,0,0.03415922
2700,0,0.02495237
2701,0,0.01899279
2702,8.15765,0.01514952
2703,8.15765,0.04876065
2704,0,0.02743637
2705,0,0.04211269
2706,0,0.04211269
2707,0,0.04568112
2708,0,0.07284506
2709,0,0.06790044
2710,0,0.1150393
2711,0,0.1219824
2712,14.60121,0.1308105
2713,14.60121,0.1312844
2714,0,0.187335
2715,0,0.1887312
2716,0.007873896,0.1660276
2717,0.007873896,0.1567999
2718,0,0.1554689
2719,0,0.1777142
2720,0.05954633,0.1441858
2721,0.05954633,0.1338232
2722,0.05954633,0.1422157
2723,0,0.1586209
2724,0.03349482,0.1987076
2725,0.03349482,0.2024925
2726,0.01922338,0.2869908
2727,0,0.312966
2728,0.003721646,0.3659283
2729,0.00307574,0.4976543
2730,0,0.5209428
2731,0,0.5175145
2732,0,0.4364093
2733,0,0.4148666
2734,0,0.3816538
2735,0.2381853,0.3641354
2736,0.2381853,0.319219
2737,0,0.2589333
2738,0,0.2512324
2739,0,0.2239462
2740,0,0.2187431
2741,0,0.2149426
2742,0.0001230296,0.2150086
2743,0.0001230296,0.1917272
2744,0.0001230296,0.1898265
2745,0.01488658,0.1929682
2746,0.01488658,0.2090982
2747,0,0.2091047
2748,0,0.2074166
2749,0.3137563,0.199538
2750,0.3137563,0.1847686
2751,0,0.2296345
2752,0,0.2509644
2753,0,0.3051687
2754,3.07574E-05,0.307899
2755,3.07574E-05,0.2883413
2756,3.07574E-05,0.3226637
2757,0,0.338594
2758,0,0.3751944
2759,0,0.3502911
2760,0,0.3019199
2761,0,0.2992009
2762,0.0001230296,0.3122559
2763,0.0001230296,0.318853
2764,0,0.2818972
2765,0,0.2512486
2766,0,0.2125362
2767,0,0.2262245
2768,0,0.223912
2769,0.13807,0.21031
2770,0.13807,0.2022028
2771,0,0.1747447
2772,0,0.1483858
2773,0,0.1371216
2774,0.01922338,0.1539195
2775,0.01627067,0.1539195
2776,0.01627067,0.1634904
2777,0,0.1733422
2778,0,0.1416793
2779,0,0.1288069
2780,0.4429066,0.1429444
2781,0.4429066,0.1420126
2782,0.07086506,0.129807
2783,0.07086506,0.1276818
2784,0,0.1215377
2785,0,0.1242867
2786,0,0.1136445
2787,0.2170242,0.1015652
2788,0.2170242,0.09319176
2789,0,0.1020019
2790,0,0.07899818
2791,0,0.08506854
2792,0,0.08667647
2793,0,0.08427178
2794,0,0.07629129
2795,1.448335,0.07055785
2796,1.448335,0.06865884
2797,0.0398616,0.07305618
2798,0.0398616,0.08650885
2799,0,0.08616317
2800,0,0.08438487
2801,0,0.09736349
2802,0.5440677,0.09243111
2803,0.5440677,0.1105352
2804,0.5440677,0.09329033
2805,0,0.1194174
2806,0,0.1198315
2807,0,0.121236
2808,0.1507113,0.1137505
2809,0.1507113,0.1283319
2810,0.2068128,0.1302682
2811,0,0.1255385
2812,0,0.1047498
2813,0.005198001,0.1286811
2814,0.005198001,0.1336366
2815,0,0.1216722
2816,0,0.1172064
2817,0,0.1412818
2818,0,0.1339373
2819,0,0.1367302
2820,0,0.1420302
2821,0,0.1371936
2822,0,0.1285846
2823,0.8993772,0.1309374
2824,0.8993772,0.1150755
2825,0.01110342,0.1066729
2826,0.01110342,0.09072989
2827,0.020792,0.08718158
2828,0,0.06819791
2829,0,0.06581125
2830,0,0.06905308
2831,0,0.06574211
2832,0,0.05435666
2833,0,0.05024197
2834,0,0.05393494
2835,0.146436,0.06146165
2836,0.146436,0.03430418
2837,0.146436,0.03316092
2838,0.4883045,0.04044192
2839,0.4883045,0.04439592
2840,0,0.04719047
2841,0,0.03396401
2842,0.1550481,0.03775387
2843,0.1550481,0.03559824
2844,0,0.03150555
2845,0,0.01830803
2846,0,0.02919335
2847,0.08316801,0.01668315
2848,0.08316801,0.02934266
2849,0.08316801,0.01705037
2850,0,0.0107387
2851,0,0.02028407
2852,0,0.02186836
2853,0,0.02329103
2854,0,0.0222462
2855,0,0.02308386
2856,0,0.02688382
2857,0,0.04554075
2858,0,0.03258244
2859,0.0001230296,0.02000989
2860,0.0001230296,0.02779149
2861,0.0001230296,0.03419584
2862,0,0.03406649
2863,0,0.03526148
2864,0.04441369,0.03085795
2865,0.0398616,0.03575892
2866,0.0398616,0.04733796
2867,0.03149558,0.06760918
2868,0.03149558,0.05551537
2869,0.03149558,0.03972931
2870,0,0.04616734
2871,0,0.07271869
2872,0.1070665,0.09182835
2873,0.1070665,0.1080419
2874,0.1220761,0.1050991
2875,0.02768166,0.1217203
2876,0.01230296,0.1226503
2877,0.03555556,0.1731136
2878,0.03555556,0.1640981
2879,0.03555556,0.1932086
2880,0,0.22617
2881,0,0.2245758
2882,0,0.2652065
2883,0.0007689351,0.3334674
2884,0.0007689351,0.34921
2885,0.0007689351,0.4241233
2886,0.1776548,0.4569244
2887,0.1507113,0.5260599
2888,0.1550481,0.6416168
2889,0,0.6652083
2890,0,0.7704744
2891,0,0.8337739
2892,8.445263,1.044129
2893,8.968882,1.144322
2894,0.01230296,1.287847
2895,0.01922338,1.417434
2896,0.0002768167,1.477738
2897,0.001968474,1.550031
2898,3.555562,1.616401
2899,5.094945,1.604051
2900,6.765448,1.612093
2901,0.003721646,1.565222
2902,0.020792,1.502446
2903,0.4805844,1.469396
2904,0.2834602,1.39436
2905,0.3997232,1.287065
2906,60.02647,1.265159
2907,76.39452,1.171206
2908,133.3249,1.062108
2909,133.3249,1.034961
2910,133.3249,0.9771466
2911,1.193664,0.9550903
2912,1.030035,0.9161349
2913,1.030035,0.8822011
2914,3.493088,0.8749698
2915,3.071312,0.7776284
2916,2.97489,0.7688779
2917,0,0.7787254
2918,0,0.7442329
2919,0,0.7395808
2920,5.322764,0.7056969
2921,5.713539,0.687166
2922,185.0734,0.6573682
2923,180.2763,0.5715166
2924,191.005,0.5375229
2925,0,0.5067201
2926,0,0.4978423
2927,1.502222,0.4294509
2928,1.395433,0.3755641
2929,0,0.3659534
2930,0,0.3070494
2931,0,0.2740891
2932,0.8577932,0.2243316
2933,0.8577932,0.1790233
2934,1.756894,0.1930697
2935,1.756894,0.1672689
2936,1.756894,0.09293679
2937,0,0.03232497
2938,0,0.07989788
2939,0,0.1689755
2940,25.35841,0.242865
2941,25.35841,0.2531655
2942,25.35841,0.4210471
2943,0.9312111,0.5360981
2944,0.9312111,0.6424934
2945,0,0.7158258
2946,0,0.7590145
2947,1.598893,0.8543638
2948,1.598893,0.9877328
2949,0,1.026959
2950,0,1.061652
2951,0,1.010192
2952,14.05543,1.021223
2953,12.59826,1.007993
2954,12.59826,1.049216
2955,2.842479,1.01005
2956,7.627963,0.9069988
2957,103.5671,0.8441502
2958,106.9812,0.8900917
2959,0.9745175,0.9021929
2960,0.9745175,0.895916
2961,133.7094,0.8657392
2962,134.2229,0.9386208
2963,134.2229,0.982874
2964,4.187963,1.032655
2965,4.187963,0.9823329
2966,3.248754,0.9841161
2967,0.8071973,0.9877272
2968,0.5522799,1.022932
2969,1.96875,1.018747
2970,0.2603306,1.000961
2971,0.2603306,0.9573363
2972,2.768173,0.9278061
2973,0.2274818,0.9333886
2974,0.2068128,0.9181309
2975,0.2274818,0.9093729
2976,0.02242215,0.8759932
2977,0.02955786,0.8891448
2978,0.3858208,0.855622
2979,0.4729258,0.8468496
2980,0.5772857,0.8089875
2981,0.01230296,0.8041561
2982,0.01230296,0.7918132
2983,0.004429066,0.7354537
2984,0.01488658,0.7134601
2985,0.004429066,0.6733432
2986,0.001107267,0.6946425
2987,0.2717724,0.6687014
2988,0.2717724,0.6057784
2989,0,0.5643736
2990,0,0.560021
2991,0,0.5526469
2992,0,0.5149925
2993,0.1422222,0.3909813
2994,0.1422222,0.3733433
2995,0.2328028,0.3314534
2996,0.2328028,0.319461
2997,0.2328028,0.2910555
2998,0,0.2457546
2999,0,0.2331858
3000,0.2017993,0.2316072
3001,0.2068128,0.2282985
3002,0.01627067,0.2726766
3003,0.003721646,0.2856615
3004,0,0.2763776
3005,0,0.3068499
3006,0.1220761,0.3595931
3007,0.1220761,0.4205525
3008,0,0.4632043
3009,0,0.5648232
3010,0,0.5972657
3011,0.3654287,0.7058238
3012,0,0.7424954
3013,0,0.8338827
3014,0,0.8905609
3015,0,0.92216
3016,0.004429066,0.92216
3017,0.004429066,0.9656048
3018,0.00249135,1.002474
3019,0.005198001,1.016245
3020,0.006920415,1.0134
3021,0,1.014544
3022,0,1.034535
3023,0,0.981546
3024,0.0007689351,0.9666302
3025,0.001507113,0.9575765
3026,0.0007689351,0.9514534
3027,8.836497,0.9175365
3028,7.689368,0.9124985
3029,7.689368,0.8846158
3030,0.1507113,0.8471104
3031,0.1422222,0.834641
3032,0.1639062,0.8409601
3033,0,0.8017634
3034,0,0.7640709
3035,0.05425606,0.670036
3036,0.09645521,0.6271384
3037,0,0.5531662
3038,0,0.5132388
3039,0,0.4170808
3040,0,0.3937488
3041,0,0.3290551
3042,0,0.3218324
3043,0,0.2844599
3044,3.07574E-05,0.284852
3045,3.07574E-05,0.2460622
3046,3.07574E-05,0.2299466
3047,0,0.1660769
3048,0,0.171598
3049,0,0.1161494
3050,0,0.08563614
3051,0.01922338,0.07731625
3052,0.01922338,0.03265127
3053,0.01356401,0.03227959
3054,0.01356401,0.02385033
3055,0.01356401,0.03241843
3056,0,0.02630676
3057,0,0.03246493
3058,0,0.04611776
3059,3.07574E-05,0.05389924
3060,3.07574E-05,0.07161778
3061,3.07574E-05,0.06801537
3062,0,0.06424626
3063,0,0.05794108
3064,0,0.05238749
3065,0.0007689351,0.02584917
3066,0.0007689351,0.03254227
3067,0.0007689351,0.07060751
3068,0,0.04945114
3069,0,0.01912233
3070,0,0.03488651
3071,0,0.009446306
3072,0,0.01675404
3073,0.0398616,0.02531155
3074,0.0398616,0.01826185
3075,0.0398616,0.01087779
3076,0,0.01429941
3077,0,0.01925274
3078,0,0.01868859
3079,0,0.02606502
3080,0,0.04266515
3081,0,0.0368286
3082,0,0.04918813
3083,0,0.04671984
3084,0.0002768167,0.05344358
3085,0.0002768167,0.05613531
3086,0.0002768167,0.04768885
3087,0.0004921185,0.02877284
3088,0.0004921185,0.04086966
3089,0.0004921185,0.06156739
3090,0,0.04908156
3091,0,0.03626616
3092,0,0.04222272
3093,0.001968474,0.02809974
3094,0.001968474,0.04885946
3095,0.001968474,0.04330196
3096,0.0241138,0.05246378
3097,0.0241138,0.05104221
3098,0,0.06471644
3099,0,0.05879861
3100,0,0.05533429
3101,0.006920415,0.06083994
3102,0.006920415,0.05673393
3103,0.003721646,0.05971824
3104,0,0.08711984
3105,0,0.1002696
3106,0.0001230296,0.06832977
3107,0.0001230296,0.06997205
3108,0.0001230296,0.06126721
3109,0,0.06813902
3110,0,0.06050305
3111,0,0.02488609
3112,0.01356401,0.02351963
3113,0.01356401,0.03676641
3114,0.9312111,0.04208015
3115,0.9312111,0.0353346
3116,0.9312111,0.04699452
3117,0,0.04952383
3118,0,0.05016931
3119,0,0.06883647
3120,0,0.0611163
3121,0,0.07596409
3122,0.0002768167,0.06048442
3123,0.0002768167,0.04427322
3124,0,0.06319044
3125,0,0.05630157
3126,7.843934,0.04448473
3127,7.843934,0.05246251
3128,0,0.04444572
3129,0,0.06546491
3130,0,0.06349206
3131,0,0.0776685
3132,0,0.07992784
3133,0,0.06429906
3134,0,0.0797489
3135,0,0.08038335
3136,0.02586697,0.07953373
3137,0.02586697,0.07953499
3138,0.02586697,0.0807078
3139,0.1730104,0.0967866
3140,0.1730104,0.0855588
3141,0,0.08272992
3142,0,0.07837737
3143,0.001507113,0.06641521
3144,0.001507113,0.08715501
3145,0.001507113,0.06998477
3146,0,0.07690119
3147,0,0.05504867
3148,0,0.05794908
3149,0,0.04160088
3150,0,0.0487447
3151,0,0.04839167
3152,0,0.0528388
3153,0,0.06089489
3154,0,0.03414329
3155,19.68479,0.05203436
3156,0,0.05539373
3157,0,0.04779163
3158,0.5772857,0.05050345
3159,0.5772857,0.05103399
3160,0.5772857,0.04246715
3161,0,0.04257492
3162,0,0.03810778
3163,0,0.04530065
3164,0,0.04358742
3165,0,0.04539159
3166,0,0.03921306
3167,0.06228374,0.03050292
3168,0.06228374,0.04861294
3169,0,0.02698555
3170,0,0.03251744
3171,0,0.03367438
3172,1.543283,0.02450924
3173,1.543283,0.03053991
3174,0.001968474,0.01586667
3175,0.001968474,0.02228371
3176,0,0.01339241
3177,0,0.02211358
3178,3.639711,0.01826393
3179,3.639711,0.0156256
3180,3.639711,0.007777456
3181,0,0.02459516
3182,0,0.01605665
3183,0,0.03788241
3184,0,0.02144221
3185,0,0.0324904
3186,0,0.04627879
3187,0,0.07501785
