0,0,0.04061062
1,0,0.03218197
2,0,0.03682681
3,0,0.0168919
4,0.001968474,0.04873326
5,0.001968474,0.05917736
6,0.001968474,0.08519944
7,0,0.1186276
8,0,0.09959016
9,0.307574,0.07540388
10,0.307574,0.06503879
11,0,0.04967009
12,0,0.0357138
13,0.2547021,0.02870159
14,0.2547021,0.02163131
15,0.2547021,0.01958475
16,0,0.02567428
17,0,0.03654491
18,9.405922,0.05445516
19,9.888197,0.06084637
20,9.888197,0.04631896
21,0.2118877,0.0459453
22,0.2118877,0.03741194
23,0.2118877,0.01654144
24,0,0.05096667
25,0,0.04885489
26,0,0.04640031
27,0,0.04458513
28,0,0.05193165
29,0.05425606,0.0336254
30,0.05425606,0.04348664
31,0,0.03273
32,0,0.04328812
33,0.01771626,0.04666523
34,0.01771626,0.03942524
35,0,0.04667517
36,0,0.03109743
37,0,0.03234281
38,5.044996,0.02548497
39,5.044996,0.02935217
40,0,0.01273795
41,0,0.01270487
42,0.0002768167,0.00796253
43,0.0002768167,0.01904585
44,0.0002768167,0.01384068
45,0,0.02905589
46,0,0.0180817
47,0,0.01385498
48,0,0.02416964
49,0.9635987,0.01612292
50,0.9635987,0.0317543
51,0.9635987,0.01407672
52,0,0.02512129
53,0,0.03595581
54,0.0001230296,0.01671719
55,0.0001230296,0.02193976
56,0,0.01864148
57,0,0.02494873
58,0,0.0407559
59,0.003721646,0.01462943
60,0,0.01670945
61,0,0.01398261
62,0,0.02164521
63,0,0.00562522
64,0,0.01907248
65,0,0.02039716
66,0,0.01794835
67,0,0.02715397
68,0,0.02045501
69,0,0.01976949
70,0.09645521,0.0220996
71,0.09645521,0.02239268
72,0,0.02929109
73,0,0.02929342
74,0.2547021,0.01930368
75,0.2547021,0.01435252
76,0,0.01106104
77,0,0.02260631
78,0,0.01703374
79,0,0.01637125
80,0,0.0218318
81,0,0.0175748
82,0.03555556,0.0130552
83,0.03555556,0.007578265
84,0.03555556,0.01437534
85,0,0.01947697
86,0,0.0172541
87,0,0.02847808
88,0.1107266,0.01355641
89,0.1107266,0.02543407
90,0,0.04269447
91,0,0.05644317
92,0,0.06846853
93,0,0.09269121
94,0,0.1199678
95,0,0.1944273
96,0,0.2256337
97,0,0.3523951
98,0,0.4705916
99,0,0.5867764
100,0,0.6737151
101,3.07574E-05,0.8329281
102,0,0.8846107
103,0,1.028904
104,0,1.05351
105,0.1507113,1.081432
106,0.7873895,1.174605
107,0.6556248,1.176644
108,0,1.211089
109,0,1.269219
110,0,1.313135
111,0,1.295272
112,0,1.27283
113,0.001968474,1.278892
114,3.07574E-05,1.263535
115,0,1.224942
116,0,1.190981
117,0.03149558,1.15138
118,0.04441369,1.08919
119,0.05425606,1.012607
120,0,0.9834691
121,0,0.9565815
122,0.1034679,0.8298044
123,0.1034679,0.7766616
124,0,0.7036612
125,0,0.6136709
126,0,0.5379504
127,0.1776548,0.5069379
128,0.03767782,0.4703302
129,0.03149558,0.467278
130,0.03149558,0.4448255
131,0,0.4314089
132,0,0.3794646
133,0,0.3718172
134,11.33256,0.338413
135,11.33256,0.3185913
136,0,0.3381332
137,0,0.3125327
138,0,0.2855578
139,0,0.2817312
140,0,0.2518826
141,0.0004921185,0.2230536
142,0.0004921185,0.2072882
143,0.00307574,0.1742761
144,0,0.1681497
145,0,0.1450183
146,0.1422222,0.1357965
147,0.1422222,0.115601
148,0.1422222,0.1263635
149,0.13807,0.1027572
150,0.13807,0.09220021
151,0,0.07067358
152,0,0.09690921
153,0,0.124392
154,0,0.07262219
155,0,0.07266909
156,0,0.02182492
157,0,0.03571415
158,0,0.03299554
159,0.07086506,0.04121579
160,0.07086506,0.0334966
161,0.5440677,0.01767298
162,0,0.03413779
163,0,0.03519069
164,1.655486,0.05368209
165,1.655486,0.04022777
166,1.655486,0.04236873
167,0,0.04800192
168,0,0.0513101
169,0.09304114,0.07369686
170,0.09304114,0.06933899
171,0,0.07400399
172,0,0.08743174
173,0,0.07270566
174,0.0398616,0.08819414
175,0.0398616,0.07580372
176,0,0.08471058
177,0,0.07121988
178,0,0.08205615
179,3.07574E-05,0.07234842
180,3.07574E-05,0.06672583
181,0.4883045,0.05453159
182,0.4883045,0.07167552
183,0,0.08592408
184,0,0.08476861
185,0,0.05636293
186,0.5198001,0.07440038
187,0.5198001,0.07694683
188,0,0.07632319
189,0,0.07498182
190,0,0.0499448
191,0.009965399,0.04611083
192,0.0001230296,0.0479474
193,0.0001230296,0.04461933
194,0,0.05933454
195,0,0.08101684
196,0,0.08404709
197,24.41776,0.1133601
198,24.41776,0.1120456
199,24.41776,0.1318119
200,0,0.1727316
201,0,0.1605331
202,0,0.1590594
203,0,0.1517429
204,0,0.147769
205,0,0.1476764
206,0,0.1293862
207,0.0004921185,0.1144608
208,0.0004921185,0.08465918
209,0.0004921185,0.07292462
210,0.03349482,0.06704488
211,0.03349482,0.0530657
212,0,0.03460594
213,0,0.03319846
214,0,0.03483794
215,0,0.02544117
216,0.004429066,0.03334873
217,0.004429066,0.02788471
218,0.004429066,0.03080781
219,0,0.03321241
220,0,0.05148373
221,0,0.04301581
222,0,0.04564649
223,0,0.02843869
224,0,0.0382287
225,0,0.04026083
226,1.846213,0.03954154
227,1.846213,0.05007602
228,0,0.0332951
229,0,0.04340839
230,0.2893964,0.05776028
231,0.2893964,0.07487117
232,0.2893964,0.1025683
233,0,0.1176092
234,0,0.1701792
235,0,0.2896087
236,0,0.293932
237,0.004429066,0.3721651
238,0.006920415,0.3711779
239,0.006920415,0.4437386
240,0,0.4437386
241,0,0.4822564
242,3.07574E-05,0.4999817
243,3.07574E-05,0.5099715
244,0,0.5178015
245,0,0.5042814
246,0,0.5232221
247,0,0.5512379
248,0,0.5520177
249,0,0.5475268
250,0,0.5395042
251,0.3014533,0.5355644
252,0.3014533,0.5299326
253,0.3014533,0.4957467
254,0.03349482,0.4956339
255,0.0241138,0.4509107
256,0,0.4353456
257,1.330688,0.3814835
258,0.9635987,0.4012337
259,0,0.4509672
260,0,0.4645572
261,0.5440677,0.5336857
262,1.110342,0.5361497
263,0.7678278,0.5758133
264,0,0.5792153
265,0,0.6136312
266,72.47147,0.598337
267,72.47147,0.6207619
268,0,0.5797926
269,0,0.5847863
270,9.78382,0.5647886
271,11.86134,0.5564941
272,11.86134,0.5495973
273,0,0.518447
274,0,0.5097707
275,0,0.5099561
276,461.6032,0.4832693
277,493.3497,0.4492739
278,290.0748,0.4253812
279,254.0529,0.4105141
280,0,0.4144218
281,0,0.4330029
282,73.22884,0.4876626
283,73.22884,0.4891849
284,83.12932,0.5004642
285,0,0.5044983
286,0,0.5327225
287,67.18909,0.5281835
288,67.18909,0.5462018
289,147.5161,0.5632891
290,146.8433,0.5885653
291,0,0.6279473
292,0,0.6618289
293,0,0.6505315
294,143.768,0.6505315
295,143.768,0.5993573
296,0,0.52363
297,0,0.4732345
298,0,0.3975738
299,1056.196,0.3892815
300,1056.196,0.319428
301,376.348,0.3149465
302,376.348,0.2882608
303,323.6767,0.2530514
304,0,0.2184138
305,0,0.1854757
306,0,0.1522371
307,16.2562,0.102517
308,37.21646,0.1047311
309,37.21646,0.08678585
310,0,0.05771145
311,0,0.05796372
312,0,0.1119435
313,0,0.169229
314,0,0.2806379
315,0,0.3928748
316,5.374077,0.534514
317,5.374077,0.9338582
318,2.713085,1.093148
319,2.713085,1.602269
320,3.228796,1.783591
321,0,2.414479
322,1.90699,2.452564
323,2.095225,2.819706
324,0.006028451,3.141215
325,0.001507113,3.386249
326,0.00249135,3.594565
327,0,3.754884
328,0,3.777898
329,0.04678201,3.907643
330,0.005198001,3.871806
331,0,3.940783
332,0,3.899721
333,0,3.895144
334,0.00888889,3.805717
335,0.004429066,3.765976
336,0.004429066,3.725107
337,0,3.699271
338,0,3.593301
339,0,3.495186
340,0.009965399,3.433802
341,0.02955786,3.326613
342,4.030577,3.268913
343,4.678209,3.178428
344,0,3.120844
345,0,3.021106
346,0.4883045,2.842292
347,0.307574,2.767949
348,0,2.704693
349,93.12113,2.709604
350,2.095225,2.570805
351,2.342976,2.549399
352,91.84113,2.511508
353,0.909927,2.427788
354,0.1107266,2.449038
355,0.03149558,2.447724
356,0.02242215,2.461083
357,4.075238,2.477854
358,3.110313,2.415913
359,2.20912,2.343667
360,0,2.189702
361,0,2.132329
362,0.2118877,1.96577
363,0.2017993,1.801536
364,0.2222222,1.644211
365,0,1.428983
366,0,1.286739
367,0,1.16037
368,0.01771626,1.16363
369,0.01922338,0.9455715
370,0.0241138,0.892932
371,0.4210381,0.9355987
372,0.4210381,0.9066349
373,0.01356401,0.8293274
374,0.01771626,0.761888
375,0,0.761888
376,0,0.691289
377,0,0.6114827
378,0.3587543,0.5703085
379,0.3521415,359.9672
380,0,0.5021576
381,0,0.4918003
382,0,359.587
383,0.2170242,0.3863098
384,0.2170242,0.303182
385,0.2170242,0.3186333
386,0,0.3167984
387,0,0.3139241
388,0,0.2399719
389,0,0.2148813
390,0,0.2111985
391,0,0.1531444
392,0,0.09732632
393,0.06508266,0.07991855
394,0.06508266,0.03873032
395,0.06508266,0.03085988
396,0,0.0830723
397,0,0.148492
398,18.42605,0.1937868
399,18.42605,0.3680163
400,0,0.4085393
401,0,0.4778658
402,0,0.5605583
403,0,359.3991
404,0,0.6960312
405,0,0.7800757
406,0,0.7514915
407,0.006028451,0.7474013
408,0.01110342,0.7366667
409,0,0.7295742
410,0,0.7804784
411,0,0.8011355
412,0.01922338,0.7563009
413,0.01922338,0.722797
414,4.279255,0.7068742
415,4.008343,0.7975317
416,4.008343,0.8135683
417,0,0.6934248
418,0,0.6092105
419,0,0.6040878
420,0.0004921185,359.8817
421,0.0004921185,0.6812002
422,0.0004921185,0.7246872
423,0.007873896,0.6682476
424,0.006028451,0.58523
425,0.001968474,0.5782421
426,0.001968474,0.6173549
427,0,0.6128661
428,0,0.6060019
429,0,0.5402564
430,4.441379,0.4081949
431,4.511782,0.3467463
432,0,0.3352004
433,0,0.3343751
434,0.5522799,0.2645725
435,0.568889,0.23643
436,0,0.185745
437,0,0.1808753
438,0.09304114,0.1724799
439,0.08000001,0.1281407
440,0,0.1249674
441,0,0.07458968
442,0.9205383,0.07120981
443,0.9205383,0.03490738
444,0.9205383,0.02880431
445,0,0.03346708
446,0,0.04409462
447,0.07384852,0.1131214
448,0.07384852,0.1541969
449,0.249135,0.2299177
450,0.249135,0.2265866
451,0,0.3065704
452,0.01627067,0.3189649
453,0.01627067,0.4323553
454,0.01922338,0.4395458
455,0,0.494828
456,0,0.5509465
457,0,0.6372765
458,0,0.7009348
459,2.786657,0.8176965
460,2.786657,0.7973956
461,0,0.8573005
462,0,0.8414899
463,0.02242215,0.8748636
464,0.020792,0.8165917
465,0.01922338,0.7733051
466,0,0.7194529
467,0,0.6849305
468,0,0.6629803
469,0,0.5693983
470,2.192666,0.5418501
471,2.063237,0.5317889
472,0,0.5311236
473,0,0.4979443
474,0,0.5107002
475,0,0.5136752
476,0,359.8893
477,0,0.4943619
478,0,0.5047001
479,0,0.5249432
480,0.01922338,0.5194066
481,0.01922338,0.5383481
482,6.765437,0.5535654
483,6.765437,0.5515646
484,6.765437,359.489
485,0,0.5255326
486,0,0.4789976
487,0,0.4203435
488,0,0.4061022
489,0,0.3993326
490,0,0.3731183
491,0,0.3468959
492,0,0.3140846
493,0,0.3089606
494,0,0.3072557
495,0.1182315,0.289081
496,0.1182315,0.2885412
497,0.1684275,0.2677333
498,0.13807,0.2381829
499,0,0.2050652
500,0,0.2085084
501,0,0.1374796
502,0,0.1377852
503,0,0.1423324
504,0,0.09823881
505,0.1259823,0.07922991
506,0.1259823,0.07225922
507,0.1259823,0.05931096
508,0,0.04607986
509,0,0.02333771
510,0,0.04183041
511,0,0.02552838
512,0,0.02947128
513,0,0.03468965
514,0,0.06470866
515,0,0.09050845
516,24.14451,0.08885761
517,63.42479,0.0783883
518,63.42479,0.06104218
519,63.42479,0.06192204
520,0,0.07198814
521,0,0.06112858
522,0,0.05254672
523,0,0.07714351
524,0,0.07155413
525,0,0.1100532
526,0,0.1031525
527,0,0.1335671
528,0,0.1148213
529,0,0.1053611
530,0,0.1540622
531,0,0.1408389
532,32.0628,0.1184183
533,32.0628,0.1004112
534,0.06228374,0.133282
535,0.06228374,0.1350928
536,0,0.1617816
537,0,0.1603126
538,0,0.1372212
539,0.72,0.1326552
540,0.72,0.1618006
541,0,0.1381896
542,0,0.1209753
543,0,0.09969655
544,0.001507113,0.1143167
545,0.001507113,0.1183408
546,0,0.08988354
547,0,0.05365587
548,0,0.06526826
549,0,0.08525147
550,0,0.0944693
551,0,0.09098314
552,0,0.08983047
553,0,0.09853414
554,0,0.0737094
555,0.08639754,0.08528332
556,0.08639754,0.08504317
557,0.08639754,0.04849871
558,0.001968474,0.03854067
559,0.001968474,0.05186155
560,0,0.04069106
561,0,0.04146376
562,0,0.06330053
563,0.2436294,0.05020287
564,0.2436294,0.0408183
565,0,0.0408183
566,0,0.02464127
567,0.01488658,0.00327194
568,0.01488658,0.02743338
569,0,0.03189745
570,0,0.02540219
571,0.007873896,0.02710472
572,0,0.02562422
573,0,0.0237963
574,0,0.0131854
575,0,0.0220517
576,0,0.01642051
577,0,0.01830874
578,0,0.01287199
579,0,0.01273367
580,0.1550481,0.02852225
581,0.1550481,0.01674833
582,0.1550481,0.02918598
583,0.03149558,0.0140035
584,0.03149558,0.0227469
585,0,0.02665995
586,0,0.05071539
587,0,0.01376522
588,0,0.009747103
589,0,0.02432758
590,0,0.01268255
591,3.451753,0.00467727
592,3.451753,0.0151092
593,0,0.02360305
594,0,0.01160238
595,0.005198001,0.018534
596,0.005198001,0.03353627
597,0,0.02533021
598,0,0.02785912
599,0,0.02038357
600,0,0.009197952
601,0,0.01681491
602,0,0.02847049
603,0.01771626,0.02849472
604,0.01771626,0.0300696
605,0,0.0306126
606,0,0.02334157
607,0.07384852,0.01897269
608,0.07384852,0.006775929
609,0,0.01965045
610,0,0.01167058
611,0,0.01540443
612,0.2893964,0.03760813
613,0.2893964,0.01709237
614,0,0.01404806
615,0,0.01254327
616,0,0.03505745
617,0,0.02895906
618,0,0.01673749
619,0.0007689351,0.01804129
620,0.0007689351,0.02884321
621,0,0.02174824
622,0,0.0215856
623,0,0.03125876
624,8.509864,0.03561352
625,8.509864,0.05534747
626,0,0.05693926
627,0,0.06428499
628,0,0.09576316
629,0,0.08729984
630,0,0.0847894
631,0,0.09193246
632,0,0.1003198
633,0,359.9138
634,0,0.09821736
635,0,0.1009388
636,0.020792,0.1424293
637,0.020792,0.1605353
638,0.02242215,0.1732651
639,0.04210689,0.2178084
640,0,0.2689428
641,0,0.2390427
642,0,0.2547577
643,0,0.2334366
644,0,0.2204128
645,0.0999308,0.232369
646,0.1144483,0.2322429
647,0.1144483,0.1744056
648,0.4883045,0.1485297
649,0.4883045,0.1539315
650,0,0.1943338
651,0,0.1924195
652,0,0.1271262
653,0.2717724,0.1256217
654,0.2717724,0.1226823
655,0,0.1633779
656,0,0.1565624
657,0,0.130361
658,0,0.1256063
659,0,0.1482491
660,0,0.1579304
661,0,0.146829
662,0,0.1511085
663,0.06228374,0.1509786
664,0.03767782,0.1975937
665,0.03767782,0.2555119
666,0,0.2698847
667,0,0.2874127
668,0.07086506,0.2768754
669,0.08316801,0.3015244
670,0.05954633,0.3145252
671,0,0.3061745
672,0,0.3074731
673,0,0.2953763
674,0,0.2775165
675,13.97238,0.2685541
676,13.97238,0.2625462
677,0,0.2866624
678,0.006920415,0.2715804
679,0.007873896,0.2734002
680,0.007873896,0.2761739
681,0,0.3038233
682,0,0.305143
683,0.02242215,0.2999255
684,0.04441369,0.3020741
685,0,0.2741758
686,0,0.2305228
687,0,0.2521893
688,0.6920416,0.2486243
689,0.8272511,0.232835
690,0.8272511,0.2198763
691,0,0.1911455
692,0,0.1909331
693,0,0.1994387
694,0.001107267,0.1839973
695,0.00307574,0.1809838
696,0.00307574,0.1498182
697,0,0.124107
698,0,0.1166733
699,0,0.09826281
700,0,0.1000968
701,0,0.0863428
702,0,0.0865166
703,0,0.08152584
704,0,0.08113416
705,0.4138716,0.05894702
706,0.4138716,0.06280513
707,0.32,0.04772808
708,0.3263053,0.0556461
709,0,0.06396592
710,0,0.06200041
711,0,0.04912401
712,0.4805844,0.03648224
713,0,0.0459723
714,0,0.05051582
715,0,0.04875721
716,0,0.05325926
717,0,0.05393549
718,0,0.06821937
719,0,0.06900649
720,0,0.05757304
721,0.0002768167,0.04437819
722,0.0002768167,0.02896314
723,0.1422222,0.03524933
724,0.1422222,0.05696531
725,0.1422222,0.05279173
726,0,0.07159305
727,0,0.0665877
728,0,0.0668216
729,3.07574E-05,0.06668767
730,0,0.08003543
731,0,0.07692277
732,0.2436294,0.1030858
733,0.2436294,0.1052167
734,0.2436294,0.1049513
735,0,0.1224016
736,0,0.1200359
737,22.32694,0.1326774
738,22.32694,0.1503957
739,22.32694,0.1378807
740,0.3137563,0.1292516
741,0.3137563,0.1455453
742,0.3137563,0.1535974
743,0,0.1629582
744,0,0.1421211
745,0.585744,0.1372735
746,0.585744,0.1440534
747,0,0.1235873
748,0.0004921185,0.1479848
749,0,0.1315571
750,0,0.111852
751,0.0007689351,0.117063
752,0.0007689351,0.126309
753,0.0007689351,0.1386216
754,0,0.1398854
755,0,0.1454738
756,0.005198001,0.1425901
757,0.005198001,0.142672
758,0.00307574,0.1687917
759,0,0.1622134
760,0,0.1611129
761,0,0.1508172
762,0,0.1670438
763,0,0.153687
764,0,0.1433585
765,0,0.1549179
766,0.0004921185,0.1420905
767,0.0004921185,0.1334203
768,0.06508266,0.1194174
769,0.06508266,0.1256349
770,0,0.1089708
771,0,0.09730744
772,0,0.1025861
773,0.02586697,0.08146659
774,0.02586697,0.0930578
775,0.02768166,0.102678
776,0.02768166,0.0979936
777,0.0398616,0.09242184
778,0,0.08266141
779,0.00249135,0.06818856
780,0.00249135,0.08572249
781,0.00249135,0.07953009
782,0,0.07953009
783,0,0.0692957
784,0.2603306,0.06716237
785,0.2603306,0.06962562
786,0.2603306,0.0822843
787,0,0.07328154
788,0,0.0630015
789,0,0.05990101
790,0.08639754,0.07646162
791,0.08639754,0.05660135
792,0.2017993,0.06877752
793,0.187128,0.06174066
794,0,0.06205231
795,0,0.05701685
796,0.1339793,0.06301001
797,0.1339793,0.04038112
798,0.1339793,0.0522614
799,0.006028451,0.03904872
800,0.006028451,0.04007796
801,0,0.04903128
802,0,0.05387231
803,0,0.05230985
804,0.005198001,0.05046151
805,0.005198001,0.05099939
806,0,0.03669382
807,0,0.04965652
808,0.3263053,0.06313794
809,0.3263053,0.05004404
810,0.3263053,0.05196829
811,0,0.04590425
812,0,0.04411288
813,0.0679431,0.04302935
814,0.0679431,0.02937702
815,0,0.02371888
816,0,0.02357812
817,0,0.03244673
818,13.11527,0.04026047
819,13.11527,0.02086731
820,0.04678201,0.01666695
821,0.04678201,0.0374115
822,0,0.01303206
823,0,0.02340405
824,0,0.02208278
825,0.0999308,0.02724922
826,0.0999308,0.02608936
827,3.39021,0.03437345
828,0,0.04613272
829,0,0.02460888
830,0,0.02075204
831,0,0.03370785
832,0,0.02936823
833,0,0.01740554
834,0.01627067,0.01987221
835,0.01627067,0.0131694
836,0.1259823,0.02311484
837,0.1259823,0.01441204
838,0.1259823,0.008200032
839,0,0.01609283
840,0,0.02237849
841,0,0.01253384
842,0.4429066,0.01817754
843,0.7389466,0.03153745
844,0.7389466,0.02027834
845,0.7389466,0.02235996
846,0,0.01408485
847,0,0.01258331
848,0.05425606,0.008792008
849,0.05425606,0.003669079
850,0.05425606,0.005833433
851,0,0.01725258
852,0,0.0145009
853,0,0.01030046
854,0.4138716,0.00989697
855,0.4138716,0.005974094
856,0.5440677,0.02717191
857,1.075556,0.02564684
858,1.075556,0.02146146
859,1.075556,0.009798218
860,0,0.01165013
861,0,0.02230641
862,0,0.006516928
863,3.07574E-05,0.01510626
864,3.07574E-05,0.0168078
865,0.04678201,0.01716492
866,0.04678201,0.005192724
867,0,0.01267604
868,0,0.01261906
869,0.0004921185,0.008655529
870,0.0004921185,0.01575682
871,0.0004921185,0.01433641
872,0,0.01227887
873,0,0.03345152
874,0,0.007784178
875,0.5522799,0.02416527
876,0.5522799,0.01132526
877,0.5522799,0.01841315
878,0.03149558,0.01492006
879,0.5278278,0.02184777
880,0.5278278,0.01404869
881,0.5278278,0.00397375
882,0,0.007408131
883,0,0.007147037
884,0,0.0106251
885,0.0004921185,0.01100759
886,0.0004921185,0.010496
887,0,0.0225104
888,0,0.01876601
889,0.6556248,0.02247888
890,0.6556248,0.02023165
891,0,0.01689113
892,0,0.01823612
893,0.02586697,0.01062526
894,0.02586697,0.01922943
895,0,0.0134863
896,0,0.01121931
897,0,0.004488243
898,0.00249135,0.01648379
899,0.00249135,0.01275019
900,0.07086506,0.01012761
901,0.07086506,0.02154192
902,0.07086506,0.02187354
903,0,0.007456378
904,0,0.0119154
905,0.01922338,0.01215233
906,0.01922338,0.02158962
907,0.01922338,0.0264647
908,0,0.009102914
909,0,0.0158319
910,3.767788,0.01830976
911,3.767788,0.02302713
912,3.767788,0.01132601
913,0.03349482,0.01905106
914,0.03349482,0.009028544
915,0,0.004466438
916,0,0.007807298
917,0.4653287,0.003953371
918,0.4653287,0.003953371
919,0,0.01554822
920,0,0.024349
921,0,0.01603393
922,1.669789,0.00881856
923,1.713064,0.0209656
924,1.713064,0.01590334
925,0.1968474,0.02175379
926,0.1968474,0.0126407
927,0,0.01805497
928,0,0.02358052
929,0.307574,0.02689324
930,0.307574,0.02126596
931,0,0.01772764
932,0,0.0148043
933,1.96875,0.01423867
934,1.96875,0.01136417
935,1.96875,0.02392781
936,0,0.01723204
937,0,0.01412832
938,4.48825,0.01477006
939,4.48825,0.02565713
940,4.48825,0.02622426
941,0.07689351,0.02214621
942,0.07689351,0.0205598
943,0,0.01938747
944,0.2170242,0.03017006
945,0.2170242,0.007870165
946,0.2170242,0.007931903
947,0,0.01626576
948,0,0.01904944
949,0,0.01009965
950,0.01356401,0.003150203
951,0.01356401,0.0093971
952,0,0.02026604
953,0,0.02015255
954,0,0.01943365
955,0.04921184,0.02048324
956,0.04921184,0.0144095
957,0.3654287,0.009413731
958,0.3654287,0.007493902
959,0,0.02565045
960,0,0.01781577
961,0,0.01584331
962,0.03149558,0.0160815
963,0.03149558,0.01218687
964,0.03149558,0.01068674
965,0.2222222,0.011717
966,0.2222222,0.008279905
967,0,0.02005675
968,0,0.01555598
969,0,0.01748855
970,0,0.0182055
971,0,0.007601303
972,0,0.01920567
973,0,0.01650678
974,0.020792,0.01736504
975,0.020792,0.01518141
976,0,0.01490349
977,0,0.01232913
978,0.0241138,0.01157182
979,0.04441369,0.01633563
980,0.03349482,0.01619464
981,0.03349482,0.0226864
982,0.03349482,0.03273849
983,0,0.02264578
984,0,0.02828739
985,0,0.06797754
986,0.72,0.07667915
987,0.6201923,0.08566555
988,0.6201923,0.08956075
989,0,0.07827387
990,0,0.08101046
991,0,0.08560986
992,69.3889,0.09467787
993,69.3889,0.09656164
994,0.07086506,0.100203
995,0.07086506,0.07780969
996,0.07086506,0.08096132
997,0.01356401,0.06177176
998,0.01356401,0.07133169
999,0,0.1122417
1000,0,0.1908103
1001,0,0.4035582
1002,0.3391004,0.6729546
1003,0.191957,0.7657062
1004,0,0.8920801
1005,0,0.9487903
1006,0,0.9413772
1007,0.06228374,0.8666732
1008,0.02586697,0.8122268
1009,0.01110342,0.7148509
1010,0.01488658,0.6334144
1011,0.01488658,0.5138492
1012,0,0.4723191
1013,0,0.3989846
1014,0.01356401,0.3346078
1015,0.01356401,0.2854584
1016,0.00888889,0.2821308
1017,0,0.2743983
1018,0,0.2524771
1019,0.5772857,0.2616664
1020,0.6377856,0.2787942
1021,0.2068128,0.3534064
1022,0.2068128,0.3337996
1023,0,0.3412611
1024,0,0.3334369
1025,0,0.3631135
1026,0.02955786,0.328048
1027,0.02242215,0.3181044
1028,0,0.3352789
1029,0,0.3346322
1030,0,0.3064545
1031,0.710619,0.3042391
1032,0.710619,0.2934287
1033,0,0.2588793
1034,0,0.2564551
1035,0,0.2440522
1036,0.249135,0.2145765
1037,0.32,0.2082286
1038,0.0001230296,0.2104159
1039,0.0001230296,0.2159317
1040,0,0.219835
1041,0,0.2358703
1042,0,0.2106179
1043,6.536612,0.2387978
1044,6.536612,0.2187111
1045,0.00307574,0.1995621
1046,0.00307574,0.1785007
1047,0,0.1859601
1048,0,0.1679343
1049,0,0.160462
1050,0.001968474,0.1626936
1051,0.001968474,0.163929
1052,0,0.1674605
1053,0,0.1692565
1054,0.2436294,0.2201447
1055,0.2436294,0.2183398
1056,0.2222222,0.2418672
1057,0,0.2641731
1058,0,0.2535568
1059,3.597518,0.2594926
1060,3.597518,0.2353908
1061,0.01356401,0.244629
1062,0.01356401,0.2223723
1063,0,0.2211936
1064,0,0.2203622
1065,0,0.2145896
1066,1.157586,0.226458
1067,1.157586,0.2450864
1068,1.157586,359.8759
1069,0,0.3139487
1070,0,0.3104637
1071,0.001968474,0.351868
1072,0.001968474,0.3942471
1073,0.01230296,0.3763416
1074,0.01230296,0.3662905
1075,0,0.3564752
1076,0,0.3580061
1077,0,359.6667
1078,0.5772857,0.3403826
1079,0.585744,0.3139358
1080,0,0.2912496
1081,0,0.2786441
1082,0,0.2682641
1083,0,0.2421538
1084,0,0.2093249
1085,0,0.191814
1086,0,0.1985265
1087,0.0007689351,0.2066664
1088,3.07574E-05,0.1673847
1089,3.07574E-05,0.15187
1090,22.64254,0.16518
1091,22.64254,0.2243415
1092,0,0.1862833
1093,0,0.1396103
1094,0.0001230296,0.1578386
1095,0.0001230296,0.2088572
1096,0.0001230296,0.1640276
1097,0,0.1280533
1098,0,0.1226916
1099,0,0.1411852
1100,0,0.118261
1101,0,0.1189878
1102,0,0.1325782
1103,0,0.1110875
1104,0,0.09578824
1105,0.03767782,0.09737577
1106,0.03767782,0.08682365
1107,0,0.05399567
1108,0,0.06391183
1109,0,0.06043659
1110,0,0.05359641
1111,0,0.03612995
1112,0.3137563,0.04915082
1113,0.3137563,0.03820479
1114,0,0.03585715
1115,0,0.04346877
1116,0,0.04417917
1117,0,0.0357216
1118,0.2834602,0.05213464
1119,0.2834602,0.04571955
1120,0.2834602,0.03352142
1121,0,0.02464943
1122,0,0.02511094
1123,0.8373703,0.0265891
1124,0,0.01907593
1125,0,0.02210927
1126,0.8071973,0.02871606
1127,0.8071973,0.0332765
1128,27.35107,0.02184153
1129,27.35107,0.02964721
1130,0,0.01291177
1131,0,0.008056496
1132,0,0.01035865
1133,0,0.0192704
1134,0,0.02472162
1135,0,0.02472162
1136,0,0.0383395
1137,1.408566,0.01156802
1138,1.408566,0.01331784
1139,1.408566,0.01997164
1140,0,0.02532926
1141,0,0.02155107
1142,0,0.02341784
1143,0,0.0397532
1144,0,0.03410261
1145,0,0.03184403
1146,0,0.01317272
1147,0,0.01689153
1148,0,0.0274902
1149,0,0.04022148
1150,0,0.03111872
1151,0,0.01984336
1152,0.02586697,0.02449403
1153,0.02586697,0.04078075
1154,5.927617,0.03497371
1155,5.927617,0.04264896
1156,5.927617,0.03038723
1157,0,0.04497715
1158,0,0.03236114
1159,0.02586697,0.01906579
1160,0.02586697,0.02342905
1161,0,0.04309658
1162,0,0.03145904
1163,0,0.007377117
1164,0,0.01218591
1165,0,0.009252938
1166,0,0.0213581
1167,0,0.01094186
1168,0,0.01485402
1169,0,0.02109438
1170,0,0.0487169
1171,0.2381853,0.03594811
1172,0.2381853,0.0113296
1173,0,0.02585054
1174,0,0.008996877
1175,0,0.03137611
1176,0,0.04193708
1177,0,0.02158476
1178,0,0.02083816
1179,0,0.01836469
1180,0,0.02728019
1181,0,0.0173451
1182,0,0.02596848
1183,0,0.05844176
1184,0,0.03881023
1185,0.00307574,0.06303628
1186,0.00307574,0.07794811
1187,0.00307574,0.09473925
1188,2.063238,0.1218401
1189,0,0.1350202
1190,0,0.1600181
1191,0,0.19301
1192,0,0.2179486
1193,0.0241138,0.2447568
1194,0.0241138,0.2519556
1195,0.01627067,0.2397787
1196,0,0.2651718
1197,0,0.2745416
1198,0.08639754,0.2909995
1199,0.08639754,0.3208979
1200,0,0.3312549
1201,0,0.3666216
1202,0.1339793,0.4479434
1203,0.1823606,0.4779132
1204,0.1823606,0.4580477
1205,0,0.4720744
1206,0,0.5023828
1207,0.003721646,0.6296906
1208,0.003721646,0.7176968
1209,0.001968474,0.720022
1210,0,0.7085465
1211,0.0241138,0.7085307
1212,0.0398616,0.776497
1213,0,0.8652816
1214,0,0.84726
1215,0,0.7442005
1216,0.1144483,0.728448
1217,0.1639062,0.768818
1218,0.146436,0.7659474
1219,0.1550481,0.7524269
1220,0,0.7503521
1221,0,0.7455166
1222,0.1220761,0.695608
1223,0.1070665,0.7203731
1224,0,0.7140882
1225,0.00307574,0.7240183
1226,0.00307574,0.656868
1227,0,0.622535
1228,0,0.5000349
1229,0,0.5248207
1230,0,0.5738748
1231,0.13807,0.561084
1232,0.146436,0.5636947
1233,0,0.6072685
1234,0,0.6297098
1235,0.1339793,0.6007777
1236,0.1339793,0.6088533
1237,0,0.6421938
1238,0,0.8181354
1239,0.6920416,0.842158
1240,0.8272511,0.8333501
1241,0,0.8101352
1242,0,0.8133091
1243,2.640496,0.8456418
1244,2.640496,0.8606535
1245,0,0.8960355
1246,0,0.9113705
1247,0,0.9149574
1248,0.187128,0.856479
1249,0.187128,0.8107413
1250,2.095225,0.7786522
1251,2.095225,0.7680344
1252,0,0.755201
1253,0,0.6958678
1254,0.1182315,0.658962
1255,0.1259823,0.6775599
1256,0.1144483,0.69476
1257,0,0.6742795
1258,0.6377856,0.6577794
1259,0.585744,0.6768886
1260,0.585744,0.6552845
1261,0,0.6533628
1262,0.03149558,0.6765113
1263,0.6646367,0.7041245
1264,0.6646367,0.7200466
1265,0.187128,0.7513077
1266,0.187128,0.7809973
1267,43.04471,0.8559858
1268,61.49633,0.8580989
1269,2.823806,0.8047981
1270,7.627962,0.7094165
1271,26.03308,0.6921282
1272,0.5605537,0.5972598
1273,1.96875,0.6173794
1274,105.837,0.5804212
1275,105.837,0.5500899
1276,105.837,0.5474879
1277,5.555559,0.5633612
1278,5.555559,0.5310428
1279,0.9205383,0.49872
1280,0.9205383,0.4695279
1281,0.8272511,0.4568442
1282,95.81625,0.4499538
1283,271.4908,0.4531952
1284,271.4908,0.4387241
1285,255.8234,0.3496512
1286,102.3291,0.238184
1287,102.3291,0.1848872
1288,102.3291,0.1894238
1289,2.359985,0.210167
1290,2.359985,0.1964865
1291,2.309143,0.1686566
1292,7.445273,0.1634161
1293,0,0.1403026
1294,0,0.1447945
1295,92.80032,0.147321
1296,92.80032,0.1491074
1297,0,0.1630293
1298,0,0.1630293
1299,0,0.1597174
1300,2.76817,0.1350236
1301,2.76817,0.1109635
1302,2.76817,0.107516
1303,0,0.1093785
1304,0,0.07950385
1305,1.756894,0.08925164
1306,6.85227,0.06613418
1307,6.508278,0.07205883
1308,7.843927,0.05536112
1309,7.843927,0.06080342
1310,0,0.01906318
1311,0,0.02820053
1312,0.9745175,0.01728937
1313,0.9745175,0.03147871
1314,0.7581393,0.03992104
1315,0,0.03240066
1316,0,0.03217019
1317,0,0.03845183
1318,9.645541,0.06577552
1319,9.645541,0.08108666
1320,9.542461,0.04657466
1321,9.993105,0.04450335
1322,9.002126,0.04342339
1323,9.002126,0.0291907
1324,0,0.03111865
1325,0,0.02156972
1326,0,0.02712474
1327,3.390209,0.02125545
1328,3.390209,0.01600119
1329,3.390209,0.01263969
1330,0,0.008860469
1331,0,0.01483109
1332,520.316,0.01347931
1333,520.316,0.006479837
1334,0,0.01373701
1335,0.2328028,0.02442417
1336,0.2328028,0.00683366
1337,0.2328028,0.0198958
1338,0,0.01476821
1339,0,0.01428049
1340,3.451756,0.01307084
1341,3.451756,0.02534275
1342,0,0.01789517
1343,0,0.02109182
1344,0,0.0146482
1345,8.902557,0.0172871
1346,8.902557,0.02056992
1347,0,0.01779747
1348,0,0.02515037
1349,8.770672,0.02016856
1350,8.770672,0.02424773
1351,8.770672,0.01673412
1352,0,0.02354561
1353,0,0.02231338
1354,0,0.03000557
1355,17.39346,0.02252874
1356,17.39346,0.03465308
1357,19.34179,0.02290107
1358,117.9166,0.01729484
1359,0.378962,0.01762098
1360,0.378962,0.02217838
1361,0.378962,0.01562161
1362,0,0.01506734
1363,0,0.01129855
1364,2.640496,0.02636711
1365,2.640496,0.02220502
1366,0,0.02092692
1367,0,0.0472379
1368,0.7294426,0.02489593
1369,0.6920416,0.03055964
1370,0,0.03831163
1371,27.70018,0.04524199
1372,27.70018,0.04720111
1373,27.70018,0.0338969
1374,0,0.02750716
1375,0,0.03205145
1376,5.374068,0.05165649
1377,5.374068,0.05009719
1378,0,0.04276159
1379,0,0.04844812
1380,0.5278278,0.03387412
1381,0.5278278,0.04270386
1382,0,0.04113064
1383,0,0.05253119
1384,0,0.04299368
1385,3.051907,0.03180399
1386,3.051907,0.02380322
1387,3.329215,0.02679323
1388,3.329215,0.01474114
1389,0,0.01372381
1390,0,0.007187734
1391,0,0.01163185
1392,7.116076,0.009669109
1393,7.116076,0.02190224
1394,7.116076,0.009997463
1395,0,0.006616157
1396,0,0.007997335
1397,0,0.02216252
1398,34.49387,0.01616046
1399,3.208894,0.01622503
1400,3.208894,0.01419429
1401,3.208894,0.02290643
1402,0,0.02092385
1403,0,0.01697811
1404,1.488658,0.007219871
1405,1.488658,0.02449007
1406,507.2424,0.01263677
1407,507.2424,0.01796545
1408,0,0.0117066
1409,0,0.02264459
1410,0,0.01752447
1411,0,0.01247158
1412,0,0.01178927
1413,2.694841,0.02245807
1414,2.694841,0.01638935
1415,2.694841,0.02207602
1416,2.292319,0.004727245
1417,2.292319,0.0141858
1418,0,0.008887419
1419,0,0.004744673
1420,45.18094,0.01944405
1421,45.18094,0.02312997
1422,45.18094,0.02282439
1423,0,0.01886261
1424,0,0.01087935
1425,3.169275,0.009568385
1426,3.169275,0.01206529
1427,0,0.02071167
1428,0,0.01643745
1429,0,0.01099414
1430,57.98172,0.01424977
1431,57.98172,0.02673324
1432,5.044991,0.008730564
1433,5.044991,0.03050449
1434,0,0.01189567
1435,0,0.01858411
1436,0,0.005675923
1437,14.01387,0.01286652
1438,14.01387,0.007732537
1439,8.125994,0.008946303
1440,8.125994,0.009500704
1441,0,0.01790883
1442,0,0.009033893
1443,0,0.01998397
1444,392.2198,0.01523839
1445,392.2198,0.01580096
1446,0,0.0178951
1447,0,0.0111131
1448,0,0.00770711
1449,1.36935,0.008500669
1450,1.36935,0.01454798
1451,1.36935,0.02556375
1452,0,0.01630127
1453,5.271706,0.01458085
1454,5.271706,0.004080341
1455,5.271706,0.02449235
1456,6.173144,0.006596541
1457,6.173144,0.01940955
1458,0,0.01561735
1459,0,0.01238328
1460,4.75046,0.01867651
1461,4.75046,0.006122222
1462,4.75046,0.02602031
1463,0,0.02272844
1464,2.20912,0.02288527
1465,2.20912,0.02506799
1466,2.20912,0.01934753
1467,0,0.01940168
1468,0,0.02247649
1469,150.2224,0.028888
1470,150.2224,0.01724815
1471,0,0.01332762
1472,0,0.01262462
1473,0.2717724,0.02652668
1474,0.2717724,0.02158873
1475,0,0.01686551
1476,0,0.007212072
1477,3.149565,0.01432704
1478,3.149565,0.004627339
1479,3.149565,0.00994829
1480,0,0.003327146
1481,0,0.01009369
1482,7.086517,0.006005382
1483,7.086517,0.02321719
1484,67.3711,0.008670905
1485,67.3711,0.009975464
1486,0,0.01227273
1487,0,0.01591998
1488,4.09766,0.01964831
1489,4.09766,0.0142854
1490,4.09766,0.01774768
1491,0,0.02315603
1492,0,0.02846124
1493,2.515835,0.01490501
1494,2.515835,0.01661176
1495,2.515835,0.01644831
1496,0,0.01400722
1497,0,0.0112291
1498,0,0.01360964
1499,3.349489,0.02932332
1500,3.349489,0.00853347
1501,9.818553,0.01443816
1502,9.818553,0.008975464
1503,0,0.02119704
1504,0,0.01261248
1505,0,0.0124281
1506,5.322765,0.00986043
1507,5.322765,0.01519836
1508,2.533458,0.003644622
1509,2.533458,0.01341277
1510,2.533458,0.004435298
1511,0,0.02278976
1512,0,0.02546477
1513,28.05154,0.01372418
1514,28.05154,0.008483126
1515,0,0.01644277
1516,0,0.01460499
1517,0,0.01333366
1518,0.3326721,0.01440552
1519,0.3326721,0.02128281
1520,9.371917,0.02310491
1521,9.371917,0.02800489
1522,0,0.01941363
1523,0,0.02104552
1524,0,0.007593021
1525,5.660633,0.02576202
1526,5.660633,0.01620291
1527,0,0.01831738
1528,0,0.02801747
1529,3.74629,0.02046311
1530,3.74629,0.01422003
1531,0,0.01679477
1532,0,0.01471342
1533,0,0.01745785
1534,185.0738,0.005888483
1535,6.536609,0.00697318
1536,6.536609,0.01436432
1537,6.536609,0.01018465
1538,0,0.02073385
1539,0,0.01183345
1540,0,0.01745622
1541,1.742222,0.01288802
1542,1.742222,0.01789854
1543,1.742222,0.006804491
1544,0,0.01028132
1545,0,0.01874393
1546,3.597514,0.02007656
1547,3.597514,0.0127627
1548,1.801276,0.01713992
1549,1.801276,0.01598175
1550,0,0.02287977
1551,0,0.02906179
1552,0,0.002408763
1553,10.70667,0.01612774
1554,10.70667,0.01204738
1555,0,0.01235582
1556,0,0.02004247
1557,0,0.009745108
1558,1.984344,0.0194743
1559,1.984344,0.007466632
1560,13.93095,0.02370042
1561,13.93095,0.0172298
1562,0,0.02391035
1563,0,0.02017395
1564,0,0.01926871
1565,0,0.007471616
1566,0.2893964,0.02352568
1567,123.0297,0.01958465
1568,123.0297,0.02056545
1569,0,0.03113068
1570,0,0.03113068
1571,0,0.03781168
1572,0,0.02631742
1573,0,0.01812888
1574,5.82008,0.02744501
1575,11.63324,0.01759477
1576,11.63324,0.02604052
1577,11.63324,0.01385919
1578,0,0.0262105
1579,0,0.01021646
1580,0,0.02177603
1581,0,0.009658262
1582,24.80292,0.0124033
1583,24.80292,0.01522463
1584,5.322764,0.01917766
1585,5.322764,0.008835798
1586,5.322764,0.01608669
1587,0,0.006279947
1588,0,0.009524276
1589,0,0.01183361
1590,1.641246,0.01218547
1591,1.641246,0.005290415
1592,1.641246,0.02020098
1593,0.2170242,0.01057416
1594,0.2170242,0.01325127
1595,0.2170242,0.01282711
1596,0,0.007188814
1597,0,0.007188814
1598,0.5039293,0.006952847
1599,0.5039293,0.01710633
1600,27.93419,0.008554956
1601,27.93419,0.02177928
1602,27.93419,0.01279432
1603,0,0.02834264
1604,0,0.01338566
1605,0.985498,0.01014071
1606,0.985498,0.006748573
1607,0,0.02384653
1608,0,0.01465544
1609,0,0.01909988
1610,20.08044,0.01547428
1611,20.08044,0.01480758
1612,1.395433,0.02063216
1613,1.395433,0.01681538
1614,0,0.01096569
1615,0,0.01442215
1616,17.30105,0.01244015
1617,17.30105,0.01378991
1618,17.30105,0.009245212
1619,0,0.0105764
1620,0,0.02427352
1621,4.097659,0.01545508
1622,4.097659,0.0171468
1623,0,0.02751364
1624,0,0.01595818
1625,0,0.008795728
1626,0.8577932,0.01508207
1627,0.8577932,0.01535779
1628,5.297203,0.01818077
1629,5.297203,0.004481371
1630,0,0.008355933
1631,0,0.01289214
1632,0,0.01282592
1633,0,0.01296325
1634,0,0.01999498
1635,2.749745,0.006940646
1636,2.749745,0.01205088
1637,3.129908,0.01376749
1638,3.129908,0.01102762
1639,3.129908,0.01668233
1640,0,0.006249749
1641,0,0.01419083
1642,16.93394,0.009173578
1643,16.93394,0.01270568
1644,0.7678278,0.001502073
1645,0.7678278,0.01331548
1646,0,0.01780362
1647,0,0.007659047
1648,0,0.004204885
1649,10.20459,0.01620799
1650,10.20459,0.0261693
1651,10.20459,0.02152182
1652,0,0.01686849
1653,0,0.02597075
1654,21.59923,0.0199836
1655,21.59923,0.01181934
1656,0,0.01133782
1657,0,0.01655454
1658,0,0.01206745
1659,1.529535,0.01165034
1660,1.529535,0.009904499
1661,1.529535,0.005412851
1662,3.639713,0.02302092
1663,3.639713,0.01975468
1664,0,0.02133644
1665,0,0.01137217
1666,0,0.01736331
1667,1.448335,0.006484145
1668,1.448335,0.00898621
1669,1.181576,0.01398963
1670,1.181576,0.01671317
1671,1.181576,0.005232804
1672,0,0.0142284
1673,0,0.01727404
1674,3.576506,0.004443554
1675,3.576506,0.01203698
1676,9.923087,0.01360444
1677,9.923087,0.01086547
1678,0,0.02042332
1679,0,0.01525837
1680,0,0.015614
1681,0,0.007503311
1682,0,0.009406338
1683,0,0.02103152
1684,0.13807,0.01269242
1685,0.13807,0.004381042
1686,0.13807,0.01141769
1687,1.953218,0.01671042
1688,1.953218,0.01332001
1689,88.15842,0.01710355
1690,88.15842,0.01076163
1691,0,0.02040024
1692,0,0.01367773
1693,8.803542,0.006692617
1694,8.803542,0.01719282
1695,0,0.01741851
1696,0,0.009428408
1697,3.071315,0.02119702
1698,3.071315,0.01392777
1699,3.071315,0.01584353
1700,0,0.02552058
1701,0,0.02051252
1702,46.60863,0.01812035
1703,46.60863,0.02748285
1704,0,0.01855534
1705,0,0.01184089
1706,6.423666,0.01117671
1707,6.423666,0.005518308
1708,0,0.01095931
1709,0,0.008360096
1710,1.007643,0.01100387
1711,1.007643,0.0152527
1712,0,0.01583354
1713,0,0.01036025
1714,1.816194,0.002346329
1715,1.816194,0.01840912
1716,1.816194,0.009657826
1717,0,0.01044051
1718,0,0.01454879
1719,0,0.01142289
1720,6.765443,0.03309335
1721,6.765443,0.01305995
1722,6.765443,0.02406852
1723,1.502222,0.01571489
1724,7.354755,0.01847233
1725,7.354755,0.01690464
1726,7.354755,0.01888459
1727,0,0.01439655
1728,0,0.01398842
1729,8.062882,0.01152859
1730,8.062882,0.0218842
1731,8.062882,0.009271122
1732,0,0.01103348
1733,0,0.01490588
1734,0.7012995,0.01099713
1735,0.7012995,0.008179453
1736,0.7012995,0.009750387
1737,0,0.01506777
1738,0,0.01533154
1739,3.597513,0.01694411
1740,0.9635987,0.009343535
1741,0.9635987,0.009417411
1742,0.9635987,0.009277241
1743,0,0.01615957
1744,0,0.01550794
1745,4.030588,0.007015165
1746,4.030588,0.02373623
1747,0,0.01325695
1748,0,0.02239274
1749,0,0.0204997
1750,0,0.01716105
1751,1.218024,0.01779085
1752,1.218024,0.01952429
1753,9.169288,0.02923265
1754,9.169288,0.01382967
1755,0,0.03787376
1756,0,0.01535995
1757,1.343514,0.01944121
1758,1.343514,0.007845721
1759,1.343514,0.01250966
1760,0,0.008535132
1761,0,0.005746782
1762,0,0.01559639
1763,2.604571,0.01603043
1764,2.604571,0.00844263
1765,0,0.01577155
1766,0,0.007450145
1767,33.0756,0.01769344
1768,33.0756,0.01708827
1769,3.248756,0.01086595
1770,3.248756,0.01288546
1771,3.248756,0.02044411
1772,0,0.02722406
1773,0,0.01306768
1774,16.6612,0.02423142
1775,16.6612,0.01821136
1776,0,0.01084043
1777,0,0.01792653
1778,0,0.01738443
1779,0.7678278,0.01446874
1780,0.7678278,0.01544686
1781,11.78506,0.01501224
1782,11.78506,0.01359527
1783,11.78506,0.03358648
1784,0,0.01548894
1785,0,0.01188895
1786,2.095225,0.01384025
1787,2.095225,0.01725444
1788,2.095225,0.01586881
1789,0,0.01179253
1790,0,0.01156068
1791,1.786421,0.01365509
1792,1.786421,0.01054932
1793,4.030582,0.005970355
1794,4.030582,0.00609055
1795,4.030582,0.01634382
1796,0,0.02093953
1797,0,0.008578509
1798,8.902569,0.008247072
1799,8.902569,0.01766274
1800,0,0.01012803
1801,0,0.01358303
1802,309.4681,0.01652072
1803,309.4681,0.0162478
1804,309.4681,0.02049983
1805,0,0.02205664
1806,0.7389466,0.00803701
1807,0.7389466,0.02129885
1808,0.8784622,0.00900047
1809,0.8784622,0.01163893
1810,0,0.02425164
1811,0,0.00709932
1812,0,0.01838465
1813,0,0.004353266
1814,0,0.01087972
1815,179.5327,0.01613224
1816,179.5327,0.003372763
1817,2.292323,0.01484312
1818,2.292323,0.01402738
1819,2.292323,0.01704
1820,0,0.02440854
1821,0,0.04504558
1822,2.533462,0.04659118
1823,2.533462,0.05380534
1824,0,0.1072013
1825,0,0.1604569
1826,1.461715,0.178876
1827,0.9419454,0.2418007
1828,0.9419454,0.3744232
1829,107.6706,0.5932972
1830,106.7519,0.6781104
1831,0.7678278,0.8326899
1832,0.7678278,1.091818
1833,6.256091,1.124492
1834,6.256091,1.39122
1835,6.736615,1.666186
1836,108.3623,1.710383
1837,108.3623,1.868045
1838,4.441371,1.997885
1839,1.205813,2.173484
1840,0.6828451,2.396549
1841,0.001968474,2.421334
1842,0.2547021,2.593379
1843,0.32,2.648125
1844,0.4503191,2.60896
1845,0,2.532192
1846,0,2.486861
1847,0.1220761,2.379372
1848,0.09304114,2.285117
1849,0,2.229973
1850,0,2.072566
1851,0.6289582,2.006521
1852,0.4577931,1.817827
1853,0.4210381,1.63503
1854,0,1.566122
1855,0,1.428513
1856,0,1.322009
1857,0,1.233412
1858,0.0001230296,1.150795
1859,0.0001230296,1.039313
1860,0.0001230296,359.0847
1861,0.0001230296,0.9426802
1862,0,0.847508
1863,0,0.810682
1864,0.001507113,0.7810243
1865,0.003721646,0.709279
1866,0.02955786,0.6651849
1867,0.02955786,0.6094506
1868,0.02955786,0.5837055
1869,0,0.5097223
1870,0,0.5451473
1871,0,0.5362241
1872,3.07574E-05,0.5240711
1873,3.07574E-05,0.4954228
1874,0.4355555,0.4955385
1875,0.2834602,0.477194
1876,0,0.4257167
1877,0,0.3840064
1878,1.098685,0.3309476
1879,0.9745175,0.3309476
1880,0.9745175,0.3238716
1881,0,0.2032353
1882,0,0.2050549
1883,3.07574E-05,0.1786151
1884,3.07574E-05,0.1891303
1885,3.07574E-05,0.1176496
1886,0,0.08466378
1887,0,0.09270873
1888,9.30414,0.1050711
1889,9.30414,0.07352272
1890,9.30414,0.02236606
1891,0,0.05351542
1892,0,0.03357668
1893,1.421761,0.08564057
1894,1.421761,0.1125793
1895,0.3014533,0.1467547
1896,0.3014533,0.1615431
1897,0,0.2494348
1898,0,0.3230642
1899,0.00888889,0.4743525
1900,0.00888889,0.4898557
1901,0.00249135,0.6260558
1902,0,0.7890444
1903,0,0.9667892
1904,0,1.074927
1905,0.2893964,1.119375
1906,0.6114879,1.194067
1907,0.5522799,1.233812
1908,0,1.346003
1909,0,358.5248
1910,0.005198001,1.684119
1911,0.005198001,1.920541
1912,0.009965399,2.255859
1913,0,2.386433
1914,0,2.609273
1915,0,2.630471
1916,0.004429066,2.976282
1917,0.01488658,3.042049
1918,0.01922338,3.271644
1919,0.08000001,3.440375
1920,0,3.596379
1921,0.03149558,3.748833
1922,0.09304114,3.770091
1923,0.01356401,359.7527
1924,0.03555556,3.990925
1925,1.08709,4.097739
1926,3.208889,4.026318
1927,1.330688,4.030735
1928,1.448335,3.881972
1929,0,3.839844
1930,0,3.712895
1931,0,3.721977
1932,0.378962,359.489
1933,0.13807,3.494999
1934,11.97622,359.8806
1935,10.85234,3.255824
1936,9.405922,3.156191
1937,0,3.155278
1938,0.7012995,3.088612
1939,0.6114879,3.001499
1940,0,2.906397
1941,0,2.798813
1942,0,2.770244
1943,0,2.69925
1944,0,2.620697
1945,54.0801,2.608215
1946,84.55106,2.506986
1947,1.96875,2.347612
1948,4.995281,2.259087
1949,0,2.144608
1950,0,2.057564
1951,0,1.873636
1952,2.359985,1.751499
1953,3.268777,1.574178
1954,1391.439,1.419554
1955,1189.956,1.281362
1956,0,1.224999
1957,0,1.049082
1958,32.31453,0.9871544
1959,39.48296,0.9761811
1960,39.48296,0.8759706
1961,0,0.7492118
1962,0,0.7363288
1963,789.0577,0.6944308
1964,789.0577,0.6420361
1965,769.2434,0.6250371
1966,0,0.618566
1967,0,0.614379
1968,125.8758,0.5232571
1969,0,0.4950848
1970,0,0.4763812
1971,0,0.4550685
1972,21.75415,0.4092064
1973,21.18879,0.366914
1974,556.8644,0.3411738
1975,556.8644,0.3058363
1976,556.8644,0.2332754
1977,0,0.1961734
1978,0,0.1917442
1979,1054.397,0.2178121
1980,1038.966,0.2189374
1981,0,0.2789553
1982,0,0.2423952
1983,1176.981,359.92
1984,1128.778,0.2036588
1985,0,0.1963442
1986,0,0.2086949
1987,14.09705,0.1547909
1988,14.09705,0.09619213
1989,14.09705,0.1082849
1990,0,0.1586545
1991,0,0.2023515
1992,86.08791,0.1863298
1993,86.08791,0.1623246
1994,0,0.1106157
1995,0,0.1019845
1996,0,0.07843567
1997,1.612949,0.07196338
1998,1.612949,0.07638445
1999,0.8373703,0.06949754
2000,0.8373703,0.1237315
2001,0,0.1587729
2002,0,0.2199058
2003,0,0.2813767
2004,1.007643,0.2845453
2005,1.007643,0.420402
2006,5.271709,0.4362352
2007,5.981746,359.8354
2008,5.981746,0.6148424
2009,0,0.7598093
2010,0,0.9125423
2011,1.461715,1.033645
2012,1.461715,1.10903
2013,0,1.26987
2014,0,1.307818
2015,0,1.512755
2016,0.01922338,1.550136
2017,0.020792,1.756868
2018,0,1.900316
2019,0,1.993126
2020,2.60457,2.085214
2021,1.529535,2.157991
2022,0,2.177038
2023,0,2.267516
2024,0,2.238487
2025,0,2.279697
2026,0,2.269602
2027,24.91353,2.230062
2028,9.035423,2.208706
2029,0,2.126584
2030,0,2.081221
2031,0.2953941,2.042739
2032,0.3014533,1.884705
2033,0,1.725858
2034,0.5522799,1.792021
2035,0.5522799,1.691676
2036,0,1.642579
2037,0,1.527178
2038,0,1.48979
2039,0.7678278,1.434159
2040,0.8272511,1.324743
2041,0,1.221143
2042,0,1.21792
2043,0,1.133914
2044,0.02586697,1.117098
2045,0.02586697,1.026563
2046,0,0.9808927
2047,0,0.9534013
2048,0,0.9469304
2049,0.249135,0.968603
2050,0.1823606,0.9758449
2051,0.001107267,0.9560027
2052,0.006920415,0.9744595
2053,0.8272511,0.9696938
2054,0.710619,1.004896
2055,0.7581393,1.018813
2056,0,1.031811
2057,0,1.027054
2058,0,1.08691
2059,0,1.10084
2060,0,1.122033
2061,0,1.161844
2062,0.3014533,1.23471
2063,0.6289582,1.25338
2064,1.543283,1.328102
2065,0.4653287,1.347428
2066,0.1107266,1.462857
2067,0.4653287,1.526673
2068,5.660646,1.557568
2069,5.529463,1.609035
2070,0,1.631013
2071,0,1.665337
2072,2.533456,1.662854
2073,2.694841,1.679727
2074,93.97937,1.676905
2075,94.19457,1.668969
2076,94.30225,1.686902
2077,8.705086,1.72103
2078,1.255025,1.689202
2079,0.7678278,1.64189
2080,1.627066,1.610916
2081,1.488658,1.605438
2082,0.001507113,1.599523
2083,0.0004921185,1.559472
2084,0.0004921185,1.546431
2085,0.9205383,1.521176
2086,0.6114879,1.541365
2087,0.3858208,1.509887
2088,57.392,1.464156
2089,44.06951,1.459601
2090,22.17001,1.377297
2091,0,1.338013
2092,0,1.282211
2093,0.4960861,1.216749
2094,0.3521415,1.155413
2095,0.04441369,1.101202
2096,0.01922338,1.116216
2097,0.009965399,1.036767
2098,0,1.021205
2099,0,1.030846
2100,0.9635987,1.039014
2101,0.8272511,1.022994
2102,0.847551,1.053562
2103,0,1.083934
2104,0,1.135209
2105,0,1.106362
2106,0,1.05266
2107,0,1.00859
2108,0.1730104,0.9366469
2109,0.2274818,0.9014955
2110,0,0.8605871
2111,0,0.7871727
2112,0.01110342,0.7396641
2113,0.01488658,359.3985
2114,0,0.6601391
2115,0,0.5672048
2116,0,0.5577884
2117,1.305221,0.4736751
2118,1.786421,0.4585358
2119,0,0.3956893
2120,0,0.3019585
2121,0,0.3007279
2122,0,0.2671499
2123,0,0.2056996
2124,0,0.1595163
2125,0,0.1758186
2126,0,0.1490798
2127,0,0.08994225
2128,0,0.06887127
2129,0,0.05876068
2130,0,0.01547585
2131,0,0.01568235
2132,4.052881,0.02775649
2133,4.052881,0.05294878
2134,0,0.04535439
2135,0,0.0562018
2136,0,0.05720302
2137,0,0.05659316
2138,0,0.0717425
2139,0,0.04211513
2140,3.07574E-05,0.0684264
2141,3.07574E-05,0.07037979
2142,3.07574E-05,0.06750838
2143,0,0.0875969
2144,0,0.09608049
2145,0.1594464,0.1016665
2146,0.1594464,0.09480312
2147,0,0.1123371
2148,0,0.1632854
2149,0,0.2151463
2150,0,0.2581741
2151,0,0.2838277
2152,0.535917,0.34263
2153,0.4577931,0.3900113
2154,0,0.4732614
2155,0,0.5280071
2156,0,0.5303254
2157,0.1639062,0.5385885
2158,0.1639062,0.5589201
2159,0.0001230296,0.5610312
2160,0,359.6682
2161,0,0.58825
2162,0,0.673929
2163,0,0.715647
2164,8.477525,0.7425829
2165,7.658637,0.7984676
2166,0,0.8524943
2167,0,0.8524943
2168,0,0.98413
2169,0,1.021092
2170,0,0.9645578
2171,0,0.9998912
2172,0,1.034656
2173,0,1.026358
2174,0,1.063612
2175,0,1.079739
2176,0.2170242,1.054329
2177,0.2381853,1.015221
2178,0,0.9880928
2179,0,0.8984225
2180,0.1684275,0.8712268
2181,0.1968474,0.7589909
2182,0,0.7861782
2183,0,0.7882758
2184,0,0.764332
2185,0.0002768167,0.7597045
2186,0.001107267,0.7244781
2187,0.001107267,0.6082526
2188,0.1107266,0.6300573
2189,0.1070665,0.6627656
2190,0,0.6414675
2191,0,0.5138968
2192,0,0.5068568
2193,0.001107267,0.5371702
2194,0.001107267,0.6337997
2195,0,0.558874
2196,0,0.5028954
2197,1.435017,0.3903203
2198,2.047336,0.4568254
2199,0,0.4269711
2200,0,0.3956111
2201,0,0.3424647
2202,0.04210689,0.3610899
2203,0.1968474,0.3606997
2204,0.1639062,0.391517
2205,0,0.3001316
2206,0,0.23581
2207,0,0.2127745
2208,0,0.2078758
2209,0.6466744,0.1941398
2210,0.6466744,0.2129513
2211,0.3521415,0.2159051
2212,0.3521415,0.1715893
2213,0.3521415,0.1493184
2214,0,0.1843636
2215,0,0.2188939
2216,0.1684275,0.2656497
2217,0.1684275,0.251918
2218,0,0.3232141
2219,0,0.333798
2220,0,0.3542536
2221,0.07086506,0.4048293
2222,0.07086506,0.409875
2223,0,0.4065148
2224,0,0.3902319
2225,1.742222,0.4204566
2226,1.742222,0.502566
2227,0.01922338,0.5261003
2228,0.01922338,0.5624045
2229,0.004429066,0.553954
2230,0,0.6070282
2231,0,0.6430548
2232,0,0.6867922
2233,0,359.8376
2234,0,0.6433768
2235,0,0.6627467
2236,0,0.6917496
2237,0,0.7288045
2238,0,0.7261896
2239,0,0.7508155
2240,0,0.7233981
2241,0.0001230296,0.738667
2242,0,0.7683093
2243,0,0.8293531
2244,0,0.819039
2245,9.202909,0.8337777
2246,8.6072,0.8193542
2247,0,0.8508605
2248,0,0.9160083
2249,0.08968858,0.9630739
2250,0.1339793,1.013254
2251,0.0001230296,1.031125
2252,0.0001230296,1.056212
2253,0.0001230296,1.16484
2254,0.307574,1.205516
2255,0.3521415,1.251395
2256,0.9745175,1.328172
2257,1.122061,1.357311
2258,0.003721646,1.396922
2259,0.003721646,1.343394
2260,2.551147,1.232203
2261,2.411385,1.008324
2262,2.209122,0.8821552
2263,0,0.7545965
2264,0,0.5606185
2265,0,0.2875933
2266,0.1422222,0.241692
2267,0.1422222,0.221324
2268,0.00249135,0.1989485
2269,0.00249135,0.1787611
2270,0.0001230296,0.16616
2271,0,0.1475919
2272,0,0.1536191
2273,0.8171934,0.1225459
2274,0.8171934,0.1004968
2275,0,0.07908492
2276,0,0.04876786
2277,0.08000001,0.03264141
2278,0.07689351,0.03942174
2279,0,0.04227027
2280,0,0.03804401
2281,0.1639062,0.08346697
2282,0.1639062,0.1006355
2283,0.1639062,0.08711866
2284,0,0.1075178
2285,0,0.1245863
2286,0.191957,0.1421244
2287,0.191957,0.1351131
2288,0.191957,0.1894342
2289,4.872105,0.1754991
2290,4.872105,0.2049467
2291,0,0.2508704
2292,0,0.3178116
2293,0.5942638,0.3836819
2294,0.5942638,0.5691069
2295,0,0.6396271
2296,0,0.8420783
2297,0.3587543,0.8929167
2298,0.3587543,1.268912
2299,0,1.295027
2300,0,1.46939
2301,0.2222222,1.543427
2302,0.13807,1.411715
2303,0,1.29937
2304,0,0.9788345
2305,0,0.8960066
2306,4.075238,0.6281117
2307,3.208891,0.5168303
2308,0,0.4865389
2309,0,0.4269419
2310,0.6737102,0.3252276
2311,0.5522799,0.3037972
2312,0.1639062,0.313298
2313,0.146436,0.2617937
2314,0.1639062,0.2000445
2315,0,0.1981173
2316,0,0.1666351
2317,0.2381853,0.114322
2318,0.2381853,0.1054609
2319,0,0.09971364
2320,0,0.09860431
2321,0.08639754,0.0892849
2322,0.08639754,0.1014519
2323,0.08639754,0.09481172
2324,0,0.06756585
2325,0,0.0939403
2326,0,0.08111282
2327,0.3391004,0.08714477
2328,0.3391004,0.08256528
2329,0.2660208,0.08795273
2330,0,0.08795273
2331,0,0.0757269
2332,0.0007689351,0.0705422
2333,0.001968474,0.08889247
2334,0,0.08467244
2335,0,0.0952249
2336,0.04441369,0.1066953
2337,0.04441369,0.1067308
2338,0.04441369,0.1272335
2339,0,0.1157139
2340,0,0.10921
2341,0,0.106976
2342,0,0.1254641
2343,0,0.1782349
2344,0,0.2113074
2345,0,0.2375812
2346,0,0.2501889
2347,0.1684275,0.2981971
2348,0.3391004,0.3062966
2349,0.1684275,0.3211094
2350,0,0.3188218
2351,0,0.317338
2352,0,0.3210323
2353,0.2660208,0.3086863
2354,0.2660208,0.2930457
2355,0,0.3031641
2356,0,0.3008243
2357,0.01488658,0.3018084
2358,0.01488658,0.2856457
2359,0.01488658,0.2940222
2360,0,0.3154708
2361,0,0.3110265
2362,0,0.3027605
2363,0.01922338,0.3131538
2364,0.01922338,0.3005083
2365,0,0.3266703
2366,0,0.3146815
2367,0,0.3192312
2368,3.07574E-05,0.3249089
2369,3.07574E-05,0.3314448
2370,3.07574E-05,0.3188007
2371,0,0.3091026
2372,0,0.3176831
2373,0.2328028,0.3151565
2374,0.3391004,0.2656147
2375,0.2118877,0.2793854
2376,0,0.2845692
2377,0,0.3002088
2378,0,0.3438035
2379,0.006920415,0.3517228
2380,0.006920415,0.3993137
2381,0.020792,0.4235584
2382,0.02955786,0.4352609
2383,0,0.4107338
2384,0,0.407213
2385,0,0.3880932
2386,0,0.3677696
2387,0,0.3668908
2388,0,0.3225213
2389,0,0.2969787
2390,0,0.2938751
2391,0.146436,0.2722406
2392,0.1259823,0.2740784
2393,21.08682,0.254995
2394,20.42988,0.1990864
2395,20.08045,0.2173572
2396,0,0.2151938
2397,0,0.1891247
2398,0,0.164263
2399,0.004429066,0.1281073
2400,0.004429066,0.1143781
2401,0.2222222,0.06466637
2402,0.2222222,0.08848564
2403,0,0.07360899
2404,0,0.0388533
2405,0,0.03477453
2406,0.01230296,0.05743415
2407,0.01230296,0.05115255
2408,0,0.04177678
2409,0,0.06084561
2410,0,0.06115894
2411,0.0007689351,0.06059341
2412,0.0007689351,0.05287713
2413,3.07574E-05,0.0673659
2414,3.07574E-05,0.08695105
2415,0,0.07442643
2416,0,0.06297294
2417,0,0.07122861
2418,0.001507113,359.9445
2419,0.001507113,0.05852743
2420,0,0.0281551
2421,0,0.009672514
2422,0,0.03218761
2423,0,0.03308219
2424,0,0.01473296
2425,0.00249135,0.01937103
2426,0.00249135,0.04194771
2427,0.0004921185,0.03184287
2428,0,359.973
2429,0,0.01901704
2430,0.5198001,0.01728795
2431,0.5198001,0.004489775
2432,3.639713,0.01161912
2433,3.639713,0.02806826
2434,3.639713,0.02166213
2435,0,0.01734867
2436,0,0.01208023
2437,0,0.0250588
2438,0,0.007508537
2439,0,0.03244386
2440,0,0.0311292
2441,0,0.03427824
2442,0,0.04074539
2443,0,0.01381003
2444,0,0.02488995
2445,0.02768166,0.01844106
2446,0.02768166,0.01899732
2447,0,0.02284728
2448,0,0.04629545
2449,0.6737102,0.03973711
2450,0.6737102,0.02499005
2451,0.6737102,0.04414351
2452,0,0.01926286
2453,0,0.03663424
2454,0,0.0285241
2455,0,0.03037471
2456,0,0.01467516
2457,0,0.02408995
2458,0,0.02819484
2459,0.0398616,0.03084825
2460,0.0398616,0.03030977
2461,1.669789,0.04322387
2462,1.669789,0.021886
2463,1.669789,0.03364419
2464,0,0.0304162
2465,0,0.03268149
2466,0.1144483,0.02655495
2467,0.1220761,0.01320622
2468,0,0.01745453
2469,0,0.02377817
2470,0.00249135,0.01676714
2471,0.00249135,0.01372542
2472,0.00249135,0.01824704
2473,0,0.0175121
2474,0,0.02331255
2475,0,0.01007974
2476,0,0.01929158
2477,0,0.02475918
2478,0.01922338,0.0190079
2479,0.01922338,0.01517331
2480,0,0.01703758
2481,0,0.0180104
2482,1.786421,0.03574824
2483,1.786421,0.0308386
2484,1.786421,0.04047615
2485,0,0.03426922
2486,0,0.04310142
2487,0.3587543,0.04826847
2488,0.3587543,0.05063116
2489,0,0.05078372
2490,0,0.06654494
2491,0,0.0267041
2492,0.00249135,0.04041088
2493,0.00249135,0.03223979
2494,0,0.04283341
2495,0,0.03088936
2496,0.01922338,0.01856799
2497,0.01922338,0.009983482
2498,0,0.03591777
2499,0,0.0228534
2500,0,0.01867713
2501,0,0.02008231
2502,0,0.03394859
2503,0,0.03166279
2504,0.09645521,0.03264166
2505,0.09304114,0.02158015
2506,0,0.03495956
2507,0,0.01939739
2508,0.32,0.04605149
2509,0.32,0.0297582
2510,0,0.0207581
2511,0,0.01815007
2512,0,0.02041656
2513,0,0.02951917
2514,0,0.03529142
2515,0.04210689,0.02501304
2516,0.04210689,0.04974707
2517,0.04210689,0.03307236
2518,12.36315,0.05867306
2519,12.36315,0.05960149
2520,0,0.06573021
2521,0,0.05618678
2522,0,0.08485801
2523,0.3858208,0.05729454
2524,0.3858208,0.07182072
2525,0.007873896,0.06390548
2526,0.007873896,0.0518806
2527,0,0.05614562
2528,0,0.04711336
2529,0,0.0540983
2530,0,0.06753726
2531,0,0.06977155
2532,0,0.05247283
2533,0,0.05098262
2534,0.04210689,0.06375444
2535,0.04210689,0.05453274
2536,0,0.05007514
2537,0,0.02679354
2538,0,0.03346079
2539,0.02586697,0.03072891
2540,0.02586697,0.03487276
2541,0,0.03556558
2542,0,0.0377097
2543,0,0.03749891
2544,0,0.03770612
2545,0,0.04518393
2546,0.6114879,0.03488604
2547,0.6114879,0.03859136
2548,3.07574E-05,0.04182044
2549,3.07574E-05,0.06082
2550,3.07574E-05,0.04815901
2551,0,0.0699985
2552,3.07574E-05,0.08198698
2553,3.07574E-05,0.09784706
2554,0,0.1005726
2555,0,0.1631835
2556,0.1684275,0.2225878
2557,0.1684275,0.2883404
2558,0.1684275,0.4138474
2559,0,0.4854248
2560,0,0.6262907
2561,0,0.790024
2562,0.006028451,0.8177021
2563,0.006920415,0.9869053
2564,0,1.061996
2565,0,1.316043
2566,14.94225,1.389573
2567,14.64364,1.44687
2568,0,1.561523
2569,0,1.643117
2570,0.005198001,1.67917
2571,0.001968474,1.712829
2572,0,1.711593
2573,0,1.752284
2574,0,1.752284
2575,0,1.737973
2576,3.07574E-05,1.73518
2577,0,1.695981
2578,0,1.709762
2579,0.511834,1.738493
2580,0.5942638,1.763876
2581,0.1968474,1.759005
2582,0.2953941,1.785071
2583,0.6556248,1.757091
2584,0,1.736765
2585,0.1639062,1.647451
2586,0.3137563,1.499031
2587,0.6028451,1.328317
2588,21.96156,1.167511
2589,109.6361,0.9700807
2590,109.6361,0.9630198
2591,310.8356,0.7216212
2592,257.7787,0.7005962
2593,5.425609,0.5046673
2594,5.06993,0.3418487
2595,104.1323,0.2245693
2596,104.1323,0.1522283
2597,104.1323,0.2056478
2598,104.1323,0.2360049
2599,104.1323,359.829
2600,104.1323,0.1628799
2601,3.898072,0.1414088
2602,3.898072,0.1794719
2603,26.54492,0.2151444
2604,5.900624,0.2341261
2605,5.900624,0.2483319
2606,111.0342,0.2848832
2607,111.0342,0.272804
2608,110.8006,0.2912893
2609,110.1012,0.2897825
2610,19.98112,0.2958133
2611,19.98112,0.3040352
2612,111.9713,0.3163438
2613,113.0301,0.324988
2614,113.0301,0.4205697
2615,2.342979,0.4605799
2616,2.342979,0.5184623
2617,17.25496,0.5698341
2618,17.25496,0.627993
2619,16.97962,0.6316585
2620,0,0.7004025
2621,0,0.7617377
2622,5.348392,0.8924168
2623,6.118161,0.8854156
2624,0,0.7980469
2625,0,0.7747713
2626,2.111313,0.7254391
2627,1.343514,0.6826192
2628,1.343514,0.6749235
2629,0,0.6674414
2630,0,0.6612281
2631,5.220905,0.679031
2632,4.702244,0.6185517
2633,3.576518,0.5678824
2634,0.8171934,0.5340464
2635,0.8171934,0.4904973
2636,0,0.5308464
2637,0,0.5848457
2638,0,0.7040533
2639,0.7678278,0.761112
2640,0.2717724,0.9495893
2641,0.1144483,1.021075
2642,0.0004921185,1.04407
2643,0.0004921185,1.133445
2644,3.07574E-05,1.188295
2645,0,1.202153
2646,0,1.302125
2647,3.07574E-05,1.351467
2648,3.07574E-05,1.384318
2649,0,1.383802
2650,0,1.400754
2651,0.0007689351,1.41935
2652,0,1.447668
2653,0,1.444228
2654,0.01627067,1.378619
2655,0.01922338,1.379826
2656,0,1.37035
2657,0,1.348384
2658,0,1.267486
2659,90.25367,1.236077
2660,91.62875,1.219519
2661,0.146436,1.213558
2662,0,1.184295
2663,0,1.129737
2664,0,1.087848
2665,0.04678201,1.071758
2666,0.0679431,1.025986
2667,0,0.9357661
2668,0,0.9008985
2669,0,0.8070408
2670,0,0.8005053
2671,0.187128,0.7723671
2672,0.187128,0.748863
2673,30.08451,0.7278117
2674,30.08451,0.7365735
2675,0,0.7621593
2676,0,0.744671
2677,0.1422222,0.6924092
2678,0.191957,0.6799456
2679,0,0.6680201
2680,0,0.6736601
2681,0.03767782,0.6263114
2682,0.3391004,0.642612
2683,0.1968474,0.6039625
2684,0,0.5576533
2685,0,0.5078899
2686,62.63221,0.4854078
2687,62.63221,0.4660534
2688,0,0.3974496
2689,0,0.4146968
2690,2.786654,0.4090124
2691,4.075238,0.4163786
2692,0,0.4107342
2693,0,0.3979994
2694,0,0.3851171
2695,1853.093,0.3605843
2696,1853.093,0.3374128
2697,0,0.328974
2698,0,0.3335542
2699,0,0.3310928
2700,13.80701,0.3662644
2701,17.62551,0.3348697
2702,1.529535,0.3199935
2703,1.529535,0.3125934
2704,0,0.3075035
2705,0,0.2974929
2706,0.05687044,0.2886942
2707,0.07384852,0.2754455
2708,0,0.2615249
2709,0,0.2900163
2710,0,0.3427075
2711,0.5039293,0.3258388
2712,0.5198001,0.3791613
2713,0,0.4233401
2714,0,0.4235771
2715,0,0.4496365
2716,0.146436,0.4353493
2717,0.1684275,0.4029672
2718,0,0.3802205
2719,0,0.3813976
2720,0,0.3738796
2721,18.23605,0.3620553
2722,18.23605,0.3587366
2723,18.23605,0.3359497
2724,0.568889,0.3252577
2725,0.7873895,0.2591855
2726,30.88059,0.2497439
2727,30.88059,0.2305026
2728,0,0.1767027
2729,0,0.1563295
2730,0,0.1569129
2731,1.08709,0.1783694
2732,1.08709,0.1788187
2733,0,0.2049123
2734,0,0.1874109
2735,5.47741,0.1936634
2736,5.47741,0.1820884
2737,0,0.1807759
2738,0,0.1518722
2739,34.49389,0.1243243
2740,37.55561,0.1359645
2741,37.55561,0.1261358
2742,0,0.1178017
2743,0,0.1296343
2744,54.9811,0.1691003
2745,54.9811,0.1492045
2746,1212.251,0.1240494
2747,1212.251,0.1145901
2748,0,0.1309079
2749,0,0.1344161
2750,0,0.1381682
2751,20.63091,0.1138566
2752,20.63091,0.1231568
2753,0,0.1287967
2754,0,0.1598295
2755,0,0.1454768
2756,15.5048,0.1297327
2757,15.5048,0.118525
2758,3.854401,0.1143001
2759,3.854401,0.1214187
2760,0,0.116171
2761,0,0.09732077
2762,0,0.1092231
2763,2.445953,0.1370972
2764,2.445953,0.137391
2765,0,0.1578302
2766,0,359.9525
2767,15.94467,0.178688
2768,15.94467,0.2112386
2769,15.94467,0.2272059
2770,0,0.2230668
2771,0,0.2454689
2772,0,0.2732159
2773,709.5356,0.2711753
2774,709.5356,0.3370729
2775,58.48957,0.3737773
2776,0,0.465124
2777,0,0.48544
2778,0,0.6937988
2779,22.43192,0.683493
2780,22.43192,0.728283
2781,21.03592,0.7354681
2782,1394.748,0.8017761
2783,1385.237,0.7760153
2784,0,0.7884417
2785,0,0.7852053
2786,169.1359,0.7532026
2787,179.979,0.736846
2788,179.979,0.6581323
2789,0,0.6050163
2790,0,0.5510969
2791,0,0.544969
2792,42.46445,0.5320143
2793,33.58788,0.5037654
2794,33.58788,0.4390171
2795,0,0.4019459
2796,0,0.3859324
2797,0,0.3719768
2798,0,0.3314059
2799,0,0.3003693
2800,22.80113,0.2611542
2801,22.80113,0.2454952
2802,22.80113,0.1551229
2803,12.28528,0.1356658
2804,10.09858,0.1133976
2805,0,0.07302211
2806,0,0.02238773
2807,0,0.1677355
2808,6.852272,0.2499801
2809,10.38251,0.2581014
2810,0,0.3451674
2811,0,0.3623046
2812,16.70648,0.451568
2813,16.70648,359.8969
2814,41.60151,0.4056951
2815,41.60151,0.4362493
2816,41.60151,0.4339037
2817,0,359.967
2818,0,359.9879
2819,0,0.4341101
2820,0.01356401,359.9613
2821,0.01356401,0.5099897
2822,2250.018,0.474543
2823,2250.018,0.5173004
2824,2772.351,0.5476009
2825,0,0.5616444
2826,0,0.6015926
2827,0,0.6326844
2828,67.9185,0.682879
2829,75.33192,0.6411332
2830,268.9383,0.5865514
2831,312.4021,359.9496
2832,0,0.4610425
2833,0,0.3874792
2834,0,0.3221825
2835,0,0.2929151
2836,0,0.2738772
2837,263.1493,0.1954687
2838,295.9602,0.1786038
2839,295.9602,0.1628409
2840,33.33128,0.1255489
2841,206.8021,0.1455144
2842,206.8021,0.1357929
2843,0,0.1499818
2844,0,0.1681711
2845,180.7236,0.1681711
2846,180.7236,0.1903797
2847,180.7236,0.1812623
2848,0,0.1546822
2849,0,0.2093903
2850,0,0.2495197
2851,112.0886,0.2935152
2852,112.0886,0.3262525
2853,0,0.3945622
2854,0,0.4002163
2855,0,0.3986306
2856,74.94727,0.2537598
2857,76.9773,0.2884402
2858,85.98489,0.2866752
2859,0,0.2088107
2860,0,0.2825016
2861,0,0.2745436
2862,0,0.214693
2863,0,0.2429544
2864,81.11892,0.4922148
2865,77.66011,0.5727996
2866,77.66011,0.7531759
2867,108.9404,0.6999656
2868,101.8809,0.5894053
2869,111.9712,0.4925718
2870,0,0.4591172
2871,0,0.5213571
2872,6548.166,0.5620203
2873,6147.882,0.4911002
2874,126.1247,0.5041066
2875,142.4409,0.4296486
2876,0,0.4150252
2877,0,0.6271881
2878,0,0.676525
2879,0,0.6823605
2880,0,0.6337755
2881,162.2826,0.6863249
2882,158.4901,0.843538
2883,130.6491,0.9952338
2884,130.6491,0.9901894
2885,138.4973,0.8842368
2886,0,0.7816058
2887,0,0.6515111
2888,166.5495,0.6696948
2889,44.36459,0.7224095
2890,48.90808,0.7049435
2891,0,0.6165981
2892,0,0.6143883
2893,0,0.7418575
2894,0,0.8266534
2895,9230.931,0.883013
2896,9230.931,0.8618566
2897,11176,0.8874512
2898,0,0.8877066
2899,0,0.8758739
2900,4.30223,0.8267195
2901,3.703476,0.7930012
2902,0,0.7598709
2903,0,0.6880302
2904,0,0.6501781
2905,76.29759,0.6339102
2906,62.36911,0.6002917
2907,19.48841,0.5676945
2908,16.30094,0.5658578
2909,0,0.6253344
2910,0,0.6290725
2911,3.832657,0.6815454
2912,3.832657,0.6948097
2913,3.832657,0.6998856
2914,0,0.7219736
2915,0,0.7249582
2916,2.480773,0.7289936
2917,2.622501,0.7077712
2918,2.176271,0.6841219
2919,0,0.6875046
2920,0,0.6098019
2921,4.726322,0.5604231
2922,3.898079,0.5909887
2923,0,0.57366
2924,0,0.6158392
2925,0,0.6023967
2926,0,0.6242955
2927,0.7678278,0.6882676
2928,0.4729258,0.7119014
2929,0.2834602,0.7593312
2930,0,0.7699445
2931,0.9205383,0.7811835
2932,0.9205383,0.7830503
2933,0,0.7922334
2934,0,0.7852446
2935,0.3326721,0.7783535
2936,0.2893964,0.7479007
2937,0,0.7431328
2938,0,0.7811321
2939,0,0.815389
2940,0.03555556,0.8275465
2941,0.020792,0.8171343
2942,0.020792,0.7547674
2943,0.4503191,0.7181205
2944,0.511834,0.6783679
2945,0.511834,0.6370548
2946,0,0.5324367
2947,0,0.5006173
2948,0.04210689,0.5084529
2949,0.03555556,0.502811
2950,0,0.4996958
2951,0,0.5335742
2952,0.03767782,0.5795611
2953,0.03767782,0.6083855
2954,0,0.6237434
2955,0,0.6019309
2956,0,0.5850241
2957,0.03149558,0.5258427
2958,0.03149558,0.4203249
2959,0.01771626,0.3999331
2960,0.01771626,0.3532135
2961,0,0.3173525
2962,0,0.2528135
2963,0,0.1967226
2964,0.0007689351,0.2050949
2965,0.0007689351,0.2893742
2966,0.0007689351,0.3221439
2967,0.00307574,0.3218449
2968,0.005198001,0.3110351
2969,0,0.2887635
2970,0,0.2545661
2971,0,0.1621968
2972,0.01230296,0.1809741
2973,0.01230296,0.2663914
2974,0,0.279975
2975,0,0.2440222
2976,0.020792,0.2063259
2977,0.020792,0.1948068
2978,0,0.193309
2979,0,0.1746316
2980,0.03349482,0.1307883
2981,0.03349482,0.1001225
2982,0,0.1310942
2983,0,0.3027069
2984,0,0.413593
2985,0.1339793,0.5647286
2986,0.1339793,0.6570116
2987,0,0.9306622
2988,0,1.015547
2989,0.00307574,1.495567
2990,0.0002768167,1.586479
2991,21.54776,2.048362
2992,27.70022,2.456067
2993,0,2.690913
2994,0,3.220618
2995,0,3.26238
2996,0.6028451,3.765264
2997,1.098685,3.769394
2998,1.570965,4.019607
2999,0,4.202285
3000,0,4.320249
3001,0,4.55878
3002,5.740096,4.701425
3003,8.509858,4.712694
3004,11.74702,4.759195
3005,14.64364,4.763198
3006,0,4.811231
3007,0,4.948904
3008,8.607204,4.840061
3009,5.740082,4.715802
3010,0,4.65626
3011,0,4.745503
3012,0,4.607318
3013,0.001968474,4.619278
3014,0.001968474,4.403262
3015,2.463332,4.32829
3016,1.984344,4.13132
3017,0.5039293,4.001183
3018,0.0002768167,3.827702
3019,0.04921184,3.71563
3020,0,3.335354
3021,0,3.138313
3022,0,2.713061
3023,0,2.807853
3024,0,2.29938
3025,42.24789,2.363346
3026,50.78743,2.14042
3027,2.955787,1.861403
3028,3.472388,1.518098
3029,2.063238,1.375927
3030,7.027577,1.218665
3031,0.909927,1.076393
3032,0.909927,0.8881919
3033,0.05954633,359.911
3034,0.04921184,0.9013498
3035,0.187128,0.8817932
3036,0.1550481,0.752578
3037,0.1594464,0.7310622
3038,0.001968474,0.7080174
3039,0.001107267,0.6670619
3040,0.02768166,0.5926518
3041,0.01110342,0.4676249
3042,0.001107267,0.4578738
3043,0.001107267,0.3871218
3044,3.07574E-05,0.3618745
3045,0.1070665,0.3002805
3046,0.1107266,0.2249557
3047,0.08639754,0.2377575
3048,3.07574E-05,0.2637828
3049,3.07574E-05,0.2541986
3050,3.07574E-05,0.2528047
3051,3.07574E-05,0.2750857
3052,0.0002768167,0.3159444
3053,2.515834,0.2898461
3054,2.515834,0.307554
3055,2.515834,0.3262874
3056,0.6028451,0.3611894
3057,0.6028451,0.3841472
3058,3.07574E-05,0.47102
3059,0,0.4428528
3060,0.1220761,0.5140399
3061,0.1220761,0.5480395
3062,3.07574E-05,0.5480395
3063,3.07574E-05,0.5887662
3064,0.1182315,0.6255509
3065,0.1182315,0.6677777
3066,0,0.6837197
3067,0,0.6584778
3068,32.31454,0.6331109
3069,33.97472,0.6179067
3070,0,0.6282783
3071,0,0.5454737
3072,0.2775856,0.5111308
3073,0.2775856,0.4428827
3074,0.3326721,0.4154926
3075,0,0.3611012
3076,0,0.3111331
3077,0.7678278,0.322781
3078,0.6920416,0.261679
3079,0.4210381,0.1679867
3080,0.4210381,0.1405443
3081,0,0.04722763
3082,0,0.04030995
3083,0.006920415,0.1208698
3084,0.006920415,0.1622192
3085,0.006920415,0.2497765
3086,0,0.2460679
3087,0,0.299267
3088,0,0.3091959
3089,0.72,0.3502403
3090,0.72,0.5374686
3091,0,0.5774713
3092,0,0.9208232
3093,0.03767782,1.07202
3094,0.03767782,1.332341
3095,0.007873896,1.425773
3096,0.01627067,1.731705
3097,0.09645521,1.873331
3098,3.07574E-05,2.400562
3099,0.0004921185,2.556882
3100,0.7873895,2.836494
3101,0.8680969,3.065569
3102,0.009965399,3.199853
3103,0.05687044,3.523404
3104,0.7873895,359.5061
3105,5.2717,4.125781
3106,2.326028,4.218352
3107,1.145682,4.875987
3108,0.6201923,4.81443
3109,0.5440677,5.218681
3110,0.0517032,5.060007
3111,0,5.45023
3112,0.0398616,5.552796
3113,0.0517032,5.543252
3114,0,5.467349
3115,0,5.302784
3116,0,5.302784
3117,0.2118877,5.03944
3118,0.2775856,4.823419
3119,0,4.566817
3120,0,4.332049
3121,0,4.129388
3122,827.2075,3.819639
3123,155.0181,3.645267
3124,215.9936,3.199798
3125,0,359.4608
3126,0,2.613272
3127,240.2779,1.974176
3128,209.6832,1.822954
3129,175.8364,1.225457
3130,0,1.146225
3131,0,0.8683505
3132,0,0.6401502
3133,1309.514,0.678377
3134,1473.286,0.6461653
3135,232.2645,0.6461653
3136,232.2645,0.667503
3137,232.2645,0.6958086
3138,0,0.7235269
3139,0,0.7233216
3140,0,0.6980073
3141,0,0.6693903
3142,11.55769,0.6694051
3143,7.720166,0.6348642
3144,14.94224,0.5467892
3145,174.9546,0.571382
3146,174.9546,0.5733736
3147,174.9546,0.732715
3148,14.85657,0.619191
3149,22.69528,0.7121303
3150,0,0.7055566
3151,0,0.7509537
3152,3.898083,0.74945
3153,6.794331,0.7103932
3154,3.898083,0.6976773
3155,0,0.5835035
3156,0,0.5108712
3157,0,0.4687546
3158,5.660638,0.2985637
3159,5.170331,0.2697249
3160,0.4503191,0.2434484
3161,0.4503191,0.1841034
3162,0.4210381,0.1887668
3163,0,0.1543132
3164,0,0.1495451
3165,0,0.1574035
3166,0.1107266,0.1599166
3167,0.1107266,0.1485891
3168,0.1107266,0.1488589
3169,1.557094,0.1506795
3170,1.557094,0.1533897
3171,0,0.1995318
3172,0,0.2801714
3173,0.0398616,0.3247589
3174,0.08316801,0.3519042
3175,0.08316801,0.3645069
3176,0,0.429381
3177,0,0.5784537
3178,0.9527413,0.7512044
3179,0.9527413,1.114445
3180,2.309145,1.207644
3181,732.1699,1.512551
3182,582.2747,1.617896
3183,0,1.997659
3184,0,2.127119
3185,0,2.4694
3186,27.46713,2.593855
3187,32.82092,2.62942
3188,43.99589,2.714914
3189,10.13384,2.756834
3190,11.44485,2.71487
3191,0,2.47703
3192,0,2.391179
3193,0,2.301448
3194,16.2562,2.317749
3195,12.51963,2.307874
3196,9.405899,2.269629
3197,279.9631,2.206136
3198,212.5844,2.167672
3199,0,2.166358
3200,0,2.057842
3201,0,1.92766
3202,2.786653,1.895633
3203,1.356401,1.779511
3204,0.6646367,1.778022
3205,2.031496,1.746461
3206,1.475156,1.799493
3207,0,1.79326
3208,0,1.788412
3209,13.52001,1.872034
3210,5.954656,1.926849
3211,0,1.96402
3212,0,1.996603
3213,0.5440677,1.962205
3214,0.568889,1.986205
3215,0,2.004965
3216,0,2.073148
3217,0,2.054113
3218,1.157586,2.045716
3219,0.909927,2.047777
3220,0.8373703,2.11338
3221,0.535917,2.134826
3222,0.4653287,2.136187
3223,0,2.134925
3224,0,359.8466
3225,0,359.8466
3226,0,2.217856
3227,0.007873896,2.248699
3228,0,2.178871
3229,0,2.161776
3230,0.2547021,2.122496
3231,2.586701,2.106564
3232,2.880011,2.011286
3233,2.713087,1.992204
3234,2.604573,1.929304
3235,118.5196,1.892271
3236,119.9731,1.878595
3237,1.193664,1.818489
3238,1.16955,1.80117
3239,117.6759,1.64609
3240,112.0887,1.544283
3241,8.252951,1.529627
3242,0.3014533,1.39473
3243,0.1259823,1.332752
3244,0.07689351,1.188351
3245,0.08316801,1.106423
3246,0.08968858,1.027754
3247,0.0002768167,0.9299651
3248,0.0001230296,0.8362269
3249,10.88891,0.8032982
3250,10.88891,0.7505546
3251,0.0002768167,0.7785351
3252,0.0002768167,0.7727072
3253,0.0001230296,0.7690127
3254,1.461715,0.7703009
3255,1.305221,0.7817748
3256,0,0.7698179
3257,0,0.7210273
3258,0,0.7421362
3259,0.04678201,0.6969149
3260,0.03349482,0.6847072
3261,0.02242215,0.622941
3262,0.02242215,0.6210588
3263,0.03149558,0.5745755
3264,0,0.5282269
3265,0,0.4912165
3266,0.3014533,0.4871576
3267,0.3014533,0.4678693
3268,0.0004921185,0.4763734
3269,0.0004921185,0.4038858
3270,0,0.3952642
3271,0,0.3486746
3272,0.001507113,0.319398
3273,0.001507113,0.2324352
3274,0.001507113,0.196946
3275,0,0.1562028
3276,0,0.1244845
3277,0.0999308,0.08778825
3278,0.0999308,0.08315847
3279,0.0999308,0.08203165
3280,0,0.07767358
3281,0,0.06130058
3282,0,0.0642819
3283,0.04441369,0.08315189
3284,0.04441369,0.09156064
3285,0.1422222,0.09812896
3286,0.1422222,0.1194571
3287,0,0.1022788
3288,0,0.08400935
3289,12.09165,0.0720869
3290,12.09165,0.05578728
3291,12.09165,0.06598625
3292,0,0.05336667
3293,0,0.0650047
3294,0.13807,0.05808464
3295,0.13807,0.08458359
3296,0.04921184,0.084963
3297,0.04921184,0.08617102
3298,0,0.06560561
3299,0,0.06542106
3300,0.1594464,0.06615362
3301,0.1594464,0.06898259
3302,0,0.08316265
3303,0,0.1030765
3304,0,0.1327818
3305,0,0.1145365
3306,0,0.1238212
3307,0,0.1489181
3308,0,0.1600152
3309,0,0.1655107
3310,0.01488658,0.1670611
3311,0.009965399,0.2233083
3312,0.01488658,0.2270021
3313,0.03555556,0.2210458
3314,0.03555556,0.2166541
3315,0,0.1990461
3316,0,0.18373
3317,1.90699,0.1608405
3318,1.90699,0.1396209
3319,0,0.1200658
3320,0.006028451,0.1278355
3321,0.006028451,0.1025879
3322,0,0.09842473
3323,0,0.0910826
3324,0.01922338,0.08145385
3325,0.01922338,0.0931082
3326,0.01922338,0.09296997
3327,0,0.09370058
3328,0,0.06799202
3329,0,0.03637942
3330,0.1144483,0.05621881
3331,0.1144483,0.04086886
3332,0,0.07005219
3333,0,0.05866047
3334,25.02438,0.06845988
3335,0,0.0722222
3336,0,0.08690922
3337,0.00249135,0.08101597
3338,0.00249135,0.08752
3339,0.00249135,0.08571544
3340,7.566834,0.08904818
3341,7.415047,0.09973267
3342,7.415047,0.1285993
3343,0,0.1311345
3344,0,0.1218548
3345,0.249135,0.1443853
3346,0.249135,0.136933
3347,0.249135,0.1518434
3348,0,0.140916
3349,0,0.1505835
3350,0,0.1932548
3351,0,0.2197902
3352,0.009965399,0.249547
3353,0.009965399,0.2484996
3354,0,0.2537229
3355,0,0.2559381
3356,0,0.3023371
3357,0,0.3806037
3358,0.007873896,0.3987371
3359,0.007873896,0.4134218
3360,0.0002768167,0.4056252
3361,0.0002768167,0.408447
3362,0.1684275,0.4028479
3363,0.2170242,0.3790667
3364,0.2170242,0.3499532
3365,0.0001230296,0.3564318
3366,0.0001230296,0.321576
3367,0.2118877,0.2968588
3368,0.2953941,0.2953402
3369,0.2118877,0.2386962
3370,0.3927413,0.2280686
3371,0.001107267,0.2013781
3372,0.001107267,0.1913369
3373,0.001107267,0.2157345
3374,0.001107267,0.2035536
3375,0.06508266,0.1873426
3376,0.08316801,0.1585216
3377,0.001507113,0.1561769
3378,0.001507113,0.1627218
3379,0.1107266,0.1800484
3380,0.1107266,0.1980832
3381,0.08316801,0.2035668
3382,0.08316801,0.1674975
3383,0.05954633,0.196033
3384,0.00307574,0.1874285
3385,0.00307574,0.2606442
3386,0.1107266,0.2656506
3387,0.00249135,0.2625491
3388,0.003721646,0.2599316
3389,6.480013,0.285796
3390,6.480013,0.2850173
3391,0.006920415,0.3233226
3392,0.006920415,0.3424469
3393,0.07384852,0.3205073
3394,0.07384852,0.3103854
3395,0.07384852,0.2921119
3396,0.006028451,0.2564834
3397,0.00888889,0.220486
3398,0.32,0.1942126
3399,0.32,0.1873029
3400,0.005198001,0.1903162
3401,0.005198001,0.1623832
3402,0.02242215,0.137988
3403,0.01771626,0.1177609
3404,0.01771626,0.08211862
3405,0.01771626,0.08896928
3406,0.8680969,0.08802426
3407,0.8680969,0.08930483
3408,0.01627067,0.07511265
3409,0.01627067,0.06333908
3410,1.330688,0.06635336
3411,1.330688,0.1010756
3412,0.00888889,0.09899438
3413,0.00888889,0.09710515
3414,0.00888889,0.07596051
3415,0.04441369,0.08804173
3416,0.08316801,0.1137071
3417,2.586699,0.113147
3418,0.04678201,0.09406479
3419,0.04678201,0.08733032
3420,0.04678201,0.07819408
3421,0.04678201,0.08862919
3422,0.06508266,0.1014612
3423,0.06508266,0.08415801
3424,0.06228374,0.07364554
3425,0.06228374,0.05944797
3426,0.06228374,0.05293074
3427,0.1968474,0.04303393
3428,0.1968474,0.02783957
3429,0.2328028,0.04501944
3430,0.2328028,0.03922934
3431,0.08316801,0.04101371
3432,0.08316801,0.05240982
3433,0.08316801,0.02669988
3434,0.4429066,0.0453236
3435,0.4429066,0.03133651
3436,0.1220761,0.04745047
3437,0.1220761,0.05233292
3438,1.488658,0.07234047
3439,1.488658,0.04588268
3440,1.488658,0.06343535
3441,0.09304114,0.06880814
3442,0.09304114,0.1036156
3443,0.2274818,0.1065104
3444,34.10414,0.133673
3445,0.7775779,0.1128696
3446,0.7775779,0.1540453
3447,0.7775779,0.1405075
3448,0.4577931,0.1719842
3449,0.4577931,0.1788266
3450,0.146436,0.1729705
3451,0.146436,0.1931689
3452,0.6646367,0.1727661
3453,0.909927,0.1818359
3454,0.5198001,0.2032975
3455,0.5198001,0.1975414
3456,0.5198001,0.187162
3457,1.36935,0.1781754
3458,1.36935,0.1914653
3459,1.08709,0.2261596
3460,1.08709,0.2260619
3461,1.08709,0.2880349
3462,0.6028451,0.3014976
3463,0.8171934,0.3407716
3464,0.8171934,0.3669565
3465,3.248751,0.3939612
3466,7.324693,0.4386599
3467,4.774661,0.4538294
3468,4.774661,0.4568593
3469,8.125984,0.4588737
3470,22.96028,0.4542115
3471,3.493089,0.4194188
3472,6.3117,0.4215257
3473,88.88892,0.4686077
3474,88.88892,0.5119106
3475,88.67989,0.486467
3476,2.974887,0.4558748
3477,2.898855,0.4429574
3478,56.22163,0.4073256
3479,56.22163,0.3794487
3480,95.27414,0.3897766
3481,95.27414,0.3457116
3482,7.536336,0.339317
3483,95.27414,0.3222209
3484,94.84158,0.3212631
3485,94.84158,0.3243441
3486,3.555556,0.3113147
3487,3.410658,0.3039753
3488,68.83558,0.3023365
3489,68.83558,0.2858573
3490,5.555556,0.3007677
3491,5.555556,0.2886041
3492,89.72748,0.2374684
3493,89.72748,0.2212097
3494,89.72748,0.2061823
3495,1.218024,0.2016995
3496,1.218024,0.2157724
3497,0,0.2141857
3498,0,0.2126178
3499,0,0.2267942
3500,2.342978,0.2309258
3501,2.342978,0.2298018
3502,2.342978,0.2164598
3503,23.28031,0.2212727
3504,23.28031,0.2049601
3505,0,0.2056341
3506,0,0.1930856
3507,7.41504,0.2038793
3508,7.41504,0.1944994
3509,3.964054,0.2001011
3510,3.789353,0.1811324
3511,3.789353,0.159668
3512,0,0.1626347
3513,0,0.1618683
3514,8.445265,0.1721213
3515,8.445265,0.1426525
3516,8.445265,0.1387316
3517,0,0.1102764
3518,0,0.07928391
3519,0,0.05815969
3520,1.018808,0.05485101
3521,1.018808,0.01941288
3522,7.875028,0.03945015
3523,7.875028,0.05600617
3524,7.875028,0.1043436
3525,0,0.1687194
3526,0,0.2122429
3527,0,0.2944231
3528,1.846213,0.3470109
3529,1.90699,0.4039379
3530,0.585744,0.4601869
3531,0.585744,0.4982439
3532,0.511834,0.5244619
3533,0,0.6048056
3534,0,0.6261203
3535,4.678209,0.6235986
3536,4.030575,0.6288955
3537,87.22358,0.607462
3538,89.09817,0.6328586
3539,4.233481,0.6106572
3540,4.582732,0.6188934
3541,4.582732,0.6345919
3542,75.33182,0.6499991
3543,75.33182,0.6650852
3544,6.823256,0.6851765
3545,6.823256,0.6764328
3546,7.415031,0.6767716
3547,14.22224,0.6643541
3548,13.11524,0.683479
3549,30.57315,0.6626657
3550,123.5223,0.6698345
3551,2.48077,0.6987931
3552,1.330688,0.697065
3553,1.330688,0.6781486
3554,0.8171934,0.6522349
3555,0.8171934,0.6186982
3556,4.678209,0.6340234
3557,4.325266,0.6251737
3558,4.325266,0.6284614
3559,0.2775856,0.6453274
3560,0.2717724,0.6499772
3561,0.05425606,0.6272954
3562,0.05425606,0.6261901
3563,0.5198001,0.6136827
3564,0.5198001,0.6109413
3565,0.003721646,0.6007378
3566,0.003721646,0.5485335
3567,0.00249135,0.5535597
3568,0.7678278,0.4918011
3569,0.6201923,0.4890035
3570,0.6201923,0.4806887
3571,0.06228374,0.4805867
3572,0.05954633,0.4817923
3573,0.00307574,0.4946851
3574,0.00307574,0.523545
3575,0.001968474,0.5324075
3576,1.641246,0.5563362
3577,1.953218,0.5713131
3578,1.145682,0.567862
3579,1.041323,0.5350122
3580,3.07574E-05,0.5665489
3581,3.07574E-05,0.5731027
3582,0.3858208,0.5700424
3583,0.307574,0.5794542
3584,0.307574,0.5779908
3585,0,0.5679159
3586,0,0.5428235
3587,0.9419454,0.5331538
3588,0.7294426,0.5279757
3589,0.7294426,0.5173389
3590,0,0.4902887
3591,0,0.4770669
3592,0.2660208,0.4736458
3593,0.2436294,0.4429334
3594,0.01356401,0.429942
3595,0.01356401,0.3880069
3596,0,0.3579607
3597,0,0.3371697
3598,0,0.2562037
3599,0.009965399,0.2579691
3600,0.009965399,0.2027659
3601,0.009965399,0.1978308
3602,0.7485121,0.1933559
3603,0.9419454,0.1919186
3604,0.7485121,0.1912308
3605,0,0.1791044
3606,0,0.2111683
3607,0,0.2427223
3608,0.02242215,0.2381746
3609,0.02242215,0.2652452
3610,0.0001230296,0.2602638
3611,0.0001230296,0.2985348
3612,3.07574E-05,0.2781367
3613,0,0.2842265
3614,0,0.2735227
3615,0.02242215,0.2495761
3616,0.01110342,0.2353934
3617,0,0.2293081
3618,0,0.2369629
3619,0,0.2168582
3620,0.7972627,0.1983033
3621,0.7972627,0.1980562
3622,0.7972627,0.209539
3623,0.9635987,0.2288468
3624,0,0.2075378
3625,0,0.2199288
3626,0,0.2196379
3627,0,0.2283782
3628,0,0.2194613
3629,0,0.2420935
3630,0.0241138,0.2299856
3631,0.0241138,0.216694
3632,0.0241138,0.2031914
3633,0,0.1947328
3634,0,0.1982009
3635,0.04921184,0.1977603
3636,0.04921184,0.1994811
3637,0,0.2014278
3638,0,0.2193529
3639,0,0.2115211
3640,0.06508266,0.2046942
3641,0.06508266,0.2003745
3642,0.06508266,0.1966489
3643,0,0.1937212
3644,0,0.1899839
3645,0,0.1956402
3646,0,0.1836022
3647,0,0.1995375
3648,0.001968474,0.1954563
3649,0.001507113,0.2063262
3650,0.003721646,0.1870671
3651,0.003721646,0.1965243
3652,0,0.2007306
3653,0,0.2166348
3654,0,0.2202476
3655,0,0.2162452
3656,0,0.2223176
3657,0,0.2429439
3658,0,0.2310937
3659,0,0.2345051
3660,0,0.2388792
3661,0,0.2219282
3662,0,0.2263206
3663,0,0.2111067
3664,0,0.2185519
3665,0.09304114,0.2138962
3666,0.09304114,0.1930112
3667,0.06228374,0.2096304
3668,0.04441369,0.2146076
3669,0,0.2316599
3670,0,0.2154923
3671,0,0.2093612
3672,0.1107266,0.1982804
3673,0.1107266,0.2323184
3674,0.7012995,0.2285191
3675,0.6737102,0.211626
3676,0,0.2180568
3677,0,0.227145
3678,0,0.2361458
3679,0,0.2223807
3680,0,0.2252967
3681,0.8784622,0.2088851
3682,0.8784622,0.2107774
3683,8.062882,0.1894897
3684,8.869495,0.1819895
3685,0,0.1477657
3686,0,0.154617
3687,0,0.1506307
3688,0.0241138,0.1339363
3689,0.04210689,0.120347
3690,0.05687044,0.1221683
3691,0.05687044,0.1117645
3692,0.0517032,0.11409
3693,0,0.08827903
3694,0,0.107123
3695,0.2328028,0.112286
3696,0.2328028,0.1074478
3697,0.2328028,0.1300749
3698,0,0.1320056
3699,0,0.1132356
3700,0,0.1139046
3701,0.6920416,0.1007161
3702,0.6556248,0.1042765
3703,0.6920416,0.08140619
3704,0,0.08439577
3705,0,0.05599159
3706,0,0.05528322
3707,0,0.04827827
3708,0,0.03035395
3709,0.0004921185,0.04166838
3710,0.0004921185,0.03552778
3711,0.2834602,0.03757435
3712,0.2834602,0.0319593
3713,0,0.03918179
3714,0,0.02642867
3715,0.004429066,0.02914013
3716,0.004429066,0.0260715
3717,0,0.01631941
3718,0,0.01503078
3719,1.28,0.03470071
3720,1.28,0.03294352
3721,0,0.03809683
3722,0,0.03040155
3723,0.003721646,0.02485945
3724,0.003721646,0.0343333
3725,0,0.04023281
3726,0,0.01488777
3727,0,0.02380164
3728,0.01110342,0.02500994
3729,0.01110342,0.01911277
3730,0.01110342,0.01011194
3731,0,0.006243423
3732,0,0.008446747
3733,0,0.0233354
3734,0,0.01623351
3735,0,0.02376425
3736,0.001107267,0.02376425
3737,0.001107267,0.03237256
3738,0,0.03434772
3739,0,0.04273322
3740,0.009965399,0.03499718
3741,0.009965399,0.03312705
3742,0,0.02841576
3743,0,0.007064378
3744,0,0.01216432
3745,0.307574,0.02413707
3746,0.307574,0.04099815
3747,0.146436,0.01464714
3748,0.146436,0.03295629
3749,0,0.04851374
3750,0,0.05781455
3751,0,0.03053966
3752,0.001107267,0.02992555
3753,0.001107267,0.015139
3754,0,0.01945771
3755,0,0.02706569
3756,0,0.00969785
3757,6.118153,0.01355171
3758,6.118153,0.03751969
3759,0,0.01334636
3760,0,0.007879402
3761,0.0007689351,0.02989894
3762,0.0007689351,0.02416962
3763,0,0.02027164
3764,0,0.02976735
3765,0,0.02450661
3766,0,0.0252159
3767,0,0.02522982
3768,0.01771626,0.01859893
3769,0.01771626,0.007363361
3770,0.2834602,0.03290059
3771,0,0.03394829
3772,0,0.02310082
3773,0,0.02880294
3774,0,0.0275375
3775,0.00249135,0.01895291
3776,0.00249135,0.02979553
3777,0.00249135,0.03485245
3778,0,0.01233848
3779,0,0.03387063
3780,0,0.02985975
3781,0,0.03596215
3782,0,0.0290288
3783,0,0.03052816
3784,0,0.02428475
3785,0,0.03487269
3786,0,0.01406042
3787,0.1107266,0.02224853
3788,0.1107266,0.04308023
3789,0,0.04129627
3790,0,0.0393174
3791,0.2328028,0.02077677
3792,0.2328028,0.0375164
3793,0.2328028,0.04152353
3794,0,0.04854902
3795,0,0.02765645
3796,0,0.02864322
3797,0.08000001,0.03982906
3798,0.08000001,0.01997899
3799,0.009965399,0.03441625
3800,0.009965399,0.05519653
3801,0.009965399,0.04490789
3802,0,0.03599298
3803,0,0.04145969
3804,1.305221,0.03462921
3805,1.305221,0.02958935
3806,0,0.02312397
3807,0,0.02430506
3808,0,0.03841812
3809,0.6466744,0.01912467
3810,0.6466744,0.02284178
3811,0.009965399,0.03299896
3812,0.009965399,0.03684921
3813,0,0.02223346
3814,0,0.0171639
3815,0,0.02049373
3816,0.00249135,0.04146416
3817,0.00249135,0.01990719
3818,0,0.02571923
3819,0,0.02618379
3820,0.006920415,0.01935644
3821,0.006920415,0.01996408
3822,0.006920415,0.02827145
3823,0,0.02326624
3824,0,0.03413457
3825,0,0.02960851
3826,0,0.05496028
3827,0,0.0408119
3828,0,0.05461756
3829,0,0.04093156
3830,0,0.06008678
3831,0,0.07010771
3832,7.875028,0.08274511
3833,0,0.09847214
3834,0,0.1138476
3835,0.2547021,0.1843133
3836,0.2547021,0.1893667
3837,0,0.2608712
3838,0,0.2566749
3839,0.1070665,0.246054
3840,0.1507113,0.2800485
3841,0.1507113,0.3706308
3842,0,0.4264247
3843,0,0.625075
3844,0.00307574,0.7557046
3845,0.00307574,0.9179751
3846,0,0.8900873
3847,0,0.9212792
3848,0.02242215,0.9598597
3849,0.02242215,1.263417
3850,0.03349482,1.344983
3851,0,1.414727
3852,0,1.555122
3853,0,1.747354
3854,0,1.892822
3855,0.2068128,1.946488
3856,0.378962,1.92444
3857,0.3391004,1.687164
3858,0,1.509587
3859,0,1.225458
3860,17.53255,1.218612
3861,17.53255,1.009615
3862,0,0.9020758
3863,0,0.7094502
3864,0,0.6035511
3865,0.006028451,0.6322716
3866,0.00888889,0.6004792
3867,3.07574E-05,0.6223269
3868,3.07574E-05,0.5864755
3869,0.6028451,0.5278518
3870,0.6466744,0.4937162
3871,1.876478,359.8902
3872,1.698578,0.554288
3873,1.698578,0.5902534
3874,3.07574E-05,0.6737353
3875,3.07574E-05,0.7088038
3876,3.07574E-05,0.6927179
3877,1.018808,0.7057129
3878,1.193664,0.6679883
3879,0.12995,0.6564393
3880,0.1507113,0.5822276
3881,0.005198002,0.5474069
3882,0.005198002,0.5039588
3883,0.909927,0.4958454
3884,0.909927,0.4638779
3885,0.2017993,0.4198178
3886,0.2017993,0.4393167
3887,0.7389466,0.4718223
3888,0.7389466,0.4117376
3889,0.6646367,0.3883418
3890,2.111312,0.2986055
3891,19.5374,0.2684154
3892,24.85819,0.2205784
3893,2.586698,0.1751525
3894,2.586698,0.1006277
3895,0.1968474,0.0627753
3896,0.1968474,0.03135027
3897,6.451799,0.04923041
3898,6.451799,0.06562349
3899,6.451799,0.03209165
3900,167.6965,0.02224674
3901,167.6965,0.027357
3902,167.6965,0.05778493
3903,6.910452,0.08688904
3904,6.910452,0.07982298
3905,1.801276,0.1137984
3906,1.801276,0.1283137
3907,1.801276,0.1418739
3908,1.584898,0.171546
3909,6.036111,0.1682348
3910,6.036111,0.1390141
3911,1.937747,0.1478313
3912,1.937747,0.1370012
3913,1.937747,0.1486487
3914,22.80112,0.1537754
3915,22.80112,0.1781991
3916,22.80112,0.2481423
3917,1.24263,0.2623262
3918,1.24263,0.3466745
3919,3.639708,0.3814247
3920,4.702223,0.4802965
3921,4.702223,0.5415454
3922,99.43267,0.6634237
3923,99.43267,0.7545274
3924,4.798924,0.7800612
3925,4.75045,0.8912118
3926,1.727612,0.8616908
3927,1.655486,0.8343143
3928,1.584898,0.859904
3929,106.6373,0.8763071
3930,105.495,0.9061499
3931,8.221121,0.9224473
3932,14.01385,0.9412402
3933,0,0.9603336
3934,0,1.050933
3935,4.94583,1.082395
3936,5.607981,1.143746
3937,0,1.069793
3938,0,1.046052
3939,0,0.9846913
3940,0,0.9162903
3941,0,0.867465
3942,1.953218,0.8424352
3943,1.953218,0.8017157
3944,1.145682,0.8151034
3945,1.064083,0.8151627
3946,0.8680969,0.8277718
3947,0.6289582,0.847509
3948,0.4210381,0.8468961
3949,0.2775856,0.8616017
3950,0,0.8731148
3951,0,0.9154779
3952,0,359.8876
3953,13.97236,1.103145
3954,14.34801,1.231696
3955,0.7972627,1.240554
3956,0.9312111,1.306273
3957,0,1.337137
3958,0,1.34514
3959,0,1.323095
3960,0,1.204868
3961,0,1.135918
3962,0.5942638,1.08336
3963,0.568889,1.05109
3964,0.3521415,0.9264193
3965,1.461715,0.909251
3966,1.612949,0.8846217
3967,0,0.8648614
3968,0,0.8602556
3969,0.00888889,0.8076512
3970,0.00888889,0.7660694
3971,0.01110342,0.7315018
3972,0.01771626,0.6975973
3973,0.01771626,0.6857666
3974,0,0.5713894
3975,0,0.522277
3976,0.0004921185,0.4550809
3977,0.007873896,0.3787157
3978,0.007873896,0.327781
3979,0,0.2726063
3980,0,0.2367409
3981,0.0999308,0.1761006
3982,0.0999308,0.1770245
3983,0.0999308,0.1560427
3984,0,0.1537627
3985,0,0.1009667
3986,0.1070665,0.1073113
3987,0.1070665,0.1007035
3988,0.01771626,0.1022452
3989,0.00888889,0.1111471
3990,0.00888889,0.07022407
3991,0,0.05763278
3992,0,0.03379568
3993,4.726314,0.03013868
3994,4.726314,0.04124739
3995,0.005198001,0.03885655
3996,0.005198001,0.04022768
3997,0.006028451,0.04500835
3998,0,0.09350216
3999,0,0.1273569
4000,0.01110342,0.142702
4001,0.01110342,0.1299816
4002,0,0.2212644
4003,0,0.2493413
4004,7.41505,0.3243125
4005,7.41505,0.4270708
4006,8.126013,0.4926709
4007,0,0.5576608
4008,0,0.698595
4009,0.5039293,0.6875994
4010,0.5198001,0.7087516
4011,0,0.7065731
4012,0,0.6823316
4013,0.568889,0.6875206
4014,0.5440677,0.6815355
4015,0.4210381,0.5536623
4016,0,0.491205
4017,0,0.3815635
4018,3.789346,0.3131836
4019,0.2893964,0.192903
4020,0.3721645,0.2003929
4021,0,0.1484654
4022,0,0.151711
4023,0.7294426,0.07580423
4024,0.7294426,0.07374069
4025,0,0.04191491
4026,0,0.04317274
4027,0.3721645,0.06641675
4028,0.3721645,0.04359557
4029,0,0.04501807
4030,0,0.05537981
4031,0,0.06341065
4032,0,0.08199298
4033,0,0.08694385
4034,0,0.07933757
4035,0,0.1050537
4036,0,0.09892932
4037,0,0.1093453
4038,0,0.1127078
4039,0,0.1367639
4040,0,0.1688422
4041,1.110342,0.1952852
4042,1.145682,0.3020475
4043,1.145682,0.3095897
4044,0,0.3454117
4045,0,0.3753245
4046,0.01356401,0.4451615
4047,0.01356401,0.4519414
4048,0.01356401,0.5532752
4049,1.29258,0.5682399
4050,1.29258,0.6310881
4051,0,0.6952492
4052,0,0.7400576
4053,0,0.7500415
4054,0,0.7909727
4055,0,0.8471477
4056,0,1.009445
4057,0,1.089758
4058,0,1.182314
4059,0.0004921185,1.22051
4060,0.02768166,1.300274
4061,0.03767782,1.303405
4062,0.02955786,1.306978
4063,0,1.274292
4064,0,1.262216
4065,0.01356401,1.261547
4066,0.00888889,1.222889
4067,0,1.224549
4068,0,1.16982
4069,0,1.163865
4070,2.463336,1.113593
4071,1.90699,1.013384
4072,3.493095,0.9571677
4073,3.513861,0.8472473
4074,5.246277,0.803788
4075,0,0.7411
4076,0,0.6283522
4077,40.39429,0.5691323
4078,44.06961,0.5103488
4079,0,0.4986702
4080,0,0.4757726
4081,0,0.4561727
4082,6.823271,0.4554901
4083,6.228388,0.4264826
4084,45.55452,0.4314778
4085,45.55452,0.4261763
4086,33.6522,0.4183721
4087,0,0.4382425
4088,124.0158,0.4227161
4089,2.063238,0.4261022
4090,2.063238,0.4159328
4091,2.292319,0.4201549
4092,134.48,0.3999843
4093,136.1574,0.3978426
4094,150.6304,0.3546653
4095,150.6304,0.3096082
4096,150.6304,0.290042
4097,14.98514,0.267884
4098,14.98514,0.2336325
4099,125.7512,0.2239445
4100,125.7512,0.1769522
4101,2.640493,0.188454
4102,2.640493,0.1462109
4103,132.0472,0.1327831
4104,132.0472,0.1153186
4105,7.354745,0.08392298
4106,7.354745,0.07917503
4107,144.7001,0.0795026
4108,144.7001,0.06103096
4109,144.7001,0.07854911
4110,19.34178,0.05995663
4111,19.34178,0.06341866
4112,11.2208,0.04736747
4113,12.6771,0.02958468
4114,117.5556,0.03872183
